SEQN,age_years,race_ethnicity_code,race_ethnicity,bmi_kg_m2,poverty_income_ratio,total_deliveries,live_birth_deliveries,stillbirth_history,pfhxs_ng_ml,pfna_ng_ml,n_pfoa_ng_ml,n_pfos_ng_ml,sm_pfos_ng_ml,pfos_total_ng_ml,pfas_subsample_weight,survey_stratum,survey_psu,primary_model_complete_case,sensitivity_age_20_49
109324,49.0,3,Non-Hispanic White,24.0,2.74,2.0,2.0,0,0.8,1.3,1.7,13.4,2.1,15.5,32433.533376,151,2,1,1
109326,44.0,3,Non-Hispanic White,21.6,5.0,4.0,4.0,0,0.6,0.3,1.9,1.7,0.4,2.1,272555.373512,152,2,1,1
109390,44.0,4,Non-Hispanic Black,38.2,2.9,2.0,2.0,0,0.6,0.9,2.1,6.7,1.2,7.9,24894.392191,150,1,1,1
109396,37.0,6,Non-Hispanic Asian,21.5,2.38,2.0,2.0,0,0.5,0.4,0.8,3.7,0.5,4.2,47984.461991,154,2,1,1
109405,32.0,1,Mexican American,24.2,0.61,3.0,3.0,0,0.2,0.2,0.6,1.4,0.4,1.7999999999999998,123228.316929,162,2,1,1
109411,55.0,4,Non-Hispanic Black,20.2,5.0,3.0,3.0,0,0.2,0.2,0.6,2.2,0.4,2.6,83954.0055,164,1,1,0
109413,59.0,6,Non-Hispanic Asian,28.7,,3.0,3.0,0,1.1,1.3,1.6,5.5,1.3,6.8,36953.888618,159,1,0,0
109432,44.0,4,Non-Hispanic Black,19.8,3.66,1.0,1.0,0,0.6,0.4,0.9,4.8,0.9,5.7,27220.077422,159,2,1,1
109439,59.0,4,Non-Hispanic Black,32.6,1.8,2.0,2.0,0,0.6,0.2,1.0,0.7,0.5,1.2,46061.43601,168,1,1,0
109536,48.0,3,Non-Hispanic White,24.0,5.0,1.0,1.0,0,1.2,0.8,3.5,2.7,1.3,4.0,266266.599026,152,2,1,1
109541,35.0,4,Non-Hispanic Black,32.7,1.9,3.0,3.0,0,0.7,0.5,0.9,22.0,2.2,24.2,13113.020917,150,1,1,1
109571,28.0,7,Other / Multiracial,35.6,0.66,3.0,3.0,0,0.07,0.3,0.1,0.1,0.07,0.17,20508.186876,171,1,1,1
109579,42.0,3,Non-Hispanic White,27.2,1.06,3.0,3.0,0,1.4,0.3,1.3,3.2,1.8,5.0,55149.992446,158,2,1,1
109608,54.0,3,Non-Hispanic White,19.5,5.0,2.0,2.0,0,0.5,2.5,5.0,5.9,1.7,7.6000000000000005,175712.838975,167,2,1,0
109628,39.0,2,Other Hispanic,43.0,0.7,2.0,2.0,0,0.4,0.2,0.9,1.2,0.4,1.6,36681.204016,156,1,1,1
109639,42.0,3,Non-Hispanic White,28.3,,2.0,2.0,0,0.5,0.4,0.8,2.3,0.8,3.0999999999999996,77838.252721,157,1,0,1
109693,25.0,1,Mexican American,30.5,1.0,2.0,2.0,0,0.5,0.07,0.2,1.6,0.5,2.1,72265.049332,155,1,1,1
109728,34.0,3,Non-Hispanic White,59.1,0.89,4.0,4.0,0,1.2,0.4,1.4,1.9,1.2,3.0999999999999996,48253.560733,167,1,1,1
109850,50.0,1,Mexican American,26.8,5.0,3.0,3.0,0,0.6,0.6,1.1,1.7,0.7,2.4,62021.546001,154,1,1,0
109860,25.0,4,Non-Hispanic Black,24.0,4.65,1.0,1.0,0,0.8,0.8,1.3,3.0,0.6,3.6,82850.178923,166,1,1,1
109862,41.0,2,Other Hispanic,35.9,,3.0,3.0,0,1.1,0.3,1.5,2.8,0.8,3.5999999999999996,28993.445722,167,1,0,1
109865,33.0,4,Non-Hispanic Black,41.8,0.36,4.0,4.0,0,0.3,0.2,0.7,1.0,0.3,1.3,16211.297946,171,1,1,1
109884,45.0,1,Mexican American,25.6,5.0,2.0,2.0,0,0.6,0.8,2.6,1.9,0.5,2.4,126891.038257,156,1,1,1
109913,52.0,4,Non-Hispanic Black,42.3,2.07,3.0,3.0,0,0.8,0.5,0.5,1.6,0.9,2.5,58949.538828,151,1,1,0
109919,45.0,1,Mexican American,25.8,,1.0,1.0,0,0.4,0.2,0.6,1.5,0.5,2.0,50184.569214,161,2,0,1
109977,53.0,6,Non-Hispanic Asian,24.7,,2.0,2.0,0,0.7,1.8,1.5,10.6,1.0,11.6,66133.667285,152,1,0,0
110028,23.0,2,Other Hispanic,19.2,0.99,2.0,1.0,1,0.3,0.5,1.1,1.4,0.3,1.7,44218.778886,156,2,1,1
110036,50.0,3,Non-Hispanic White,29.9,1.92,2.0,2.0,0,,,,,,,5.397605346934028e-79,166,2,0,0
110038,58.0,6,Non-Hispanic Asian,25.7,4.14,1.0,1.0,0,0.9,0.9,1.7,3.1,0.4,3.5,34308.815693,159,1,1,0
110062,40.0,4,Non-Hispanic Black,25.8,3.25,2.0,2.0,0,0.3,0.4,0.5,5.5,0.6,6.1,64840.018051,164,1,1,1
110070,41.0,3,Non-Hispanic White,40.2,1.67,4.0,4.0,0,0.7,0.5,0.3,1.1,0.6,1.7000000000000002,61260.902393,164,2,1,1
110079,54.0,4,Non-Hispanic Black,37.2,3.08,1.0,1.0,0,1.0,0.7,0.7,3.5,2.1,5.6,24632.694688,163,2,1,0
110093,30.0,4,Non-Hispanic Black,19.9,0.02,3.0,2.0,1,0.6,0.2,0.5,2.5,0.4,2.9,69900.303313,157,2,1,1
110112,36.0,6,Non-Hispanic Asian,28.6,5.0,1.0,1.0,0,0.2,0.2,0.4,0.9,0.3,1.2,71459.667736,165,2,1,1
110116,35.0,3,Non-Hispanic White,31.7,3.11,2.0,2.0,0,0.4,0.1,0.8,0.8,0.3,1.1,131556.020259,159,2,1,1
110130,54.0,3,Non-Hispanic White,27.7,1.1,1.0,1.0,0,0.6,0.3,0.7,1.7,0.6,2.3,159471.947869,149,2,1,0
110167,29.0,4,Non-Hispanic Black,40.5,1.01,2.0,2.0,0,0.7,0.4,0.5,1.8,0.6,2.4,15441.596767,150,1,1,1
110172,53.0,2,Other Hispanic,28.1,1.44,3.0,3.0,0,0.4,0.5,0.5,0.5,0.2,0.7,84904.497456,160,2,1,0
110186,27.0,4,Non-Hispanic Black,31.9,0.85,3.0,2.0,1,0.3,0.07,0.3,1.1,0.2,1.3,43296.012915,158,1,1,1
110213,25.0,7,Other / Multiracial,25.2,2.15,2.0,2.0,0,0.7,0.3,1.6,3.0,1.2,4.2,193341.907042,155,1,1,1
110247,31.0,2,Other Hispanic,37.4,1.99,3.0,3.0,0,0.4,0.4,0.8,1.1,0.4,1.5,73672.171393,160,1,1,1
110266,29.0,4,Non-Hispanic Black,34.1,,2.0,1.0,1,0.4,0.6,0.5,2.1,0.5,2.6,45527.666973,160,2,0,1
110419,35.0,4,Non-Hispanic Black,31.7,1.3,3.0,3.0,0,0.2,0.3,0.5,1.0,0.2,1.2,17782.709005,152,1,1,1
110425,31.0,6,Non-Hispanic Asian,27.4,4.93,1.0,1.0,0,0.5,0.1,0.4,0.4,0.2,0.6000000000000001,99044.903631,163,1,1,1
110427,28.0,7,Other / Multiracial,33.6,0.94,2.0,2.0,0,0.5,0.3,0.6,2.4,0.6,3.0,52651.524829,151,2,1,1
110436,42.0,6,Non-Hispanic Asian,20.7,5.0,1.0,1.0,0,,,,,,,5.397605346934028e-79,156,1,0,1
110474,56.0,4,Non-Hispanic Black,33.8,2.37,1.0,1.0,0,1.9,1.5,1.4,15.3,2.4,17.7,34052.918972,158,1,1,0
110492,39.0,4,Non-Hispanic Black,30.7,0.74,2.0,2.0,0,0.7,0.8,1.2,2.5,0.9,3.4,31959.562316,163,2,1,1
110518,57.0,3,Non-Hispanic White,25.5,5.0,4.0,3.0,1,1.6,0.3,2.3,1.9,2.3,4.199999999999999,293005.353656,161,2,1,0
110529,43.0,4,Non-Hispanic Black,44.0,1.24,2.0,2.0,0,,,,,,,5.397605346934028e-79,152,2,0,1
110555,49.0,4,Non-Hispanic Black,36.4,0.42,2.0,2.0,0,0.6,0.5,0.9,2.4,0.8,3.2,18601.791903,150,1,1,1
110597,57.0,7,Other / Multiracial,37.3,1.82,3.0,2.0,1,,,,,,,5.397605346934028e-79,156,3,0,0
110610,29.0,2,Other Hispanic,42.0,1.37,4.0,3.0,1,0.3,0.07,0.4,0.9,0.3,1.2,88417.442449,172,1,1,1
110819,35.0,1,Mexican American,27.1,0.78,3.0,3.0,0,0.6,1.1,1.2,1.6,0.5,2.1,144827.745663,159,1,1,1
110824,37.0,4,Non-Hispanic Black,32.7,5.397605346934028e-79,1.0,1.0,0,0.6,0.1,0.8,1.1,0.4,1.5,28627.085671,166,2,1,1
110890,41.0,4,Non-Hispanic Black,26.4,1.72,2.0,2.0,0,0.5,0.4,1.3,1.9,0.5,2.4,22621.192453,151,2,1,1
110905,42.0,3,Non-Hispanic White,22.9,1.88,3.0,3.0,0,0.3,0.4,0.7,2.2,0.9,3.1,88738.402632,156,2,1,1
110947,30.0,7,Other / Multiracial,21.1,,1.0,1.0,0,0.3,1.3,0.8,0.8,0.3,1.1,55560.464668,151,1,0,1
110975,58.0,6,Non-Hispanic Asian,28.0,3.2,3.0,3.0,0,0.9,1.5,2.1,12.8,2.2,15.0,26689.318784,161,1,1,0
110981,39.0,3,Non-Hispanic White,35.7,0.8,2.0,2.0,0,1.6,0.8,3.0,5.3,2.1,7.4,47722.467905,167,1,1,1
111058,32.0,1,Mexican American,41.6,,4.0,4.0,0,0.5,3.9,0.3,0.6,0.3,0.8999999999999999,51452.909923,164,2,0,1
111060,23.0,4,Non-Hispanic Black,35.0,1.13,1.0,1.0,0,0.3,0.4,0.5,2.4,0.4,2.8,17827.378134,171,1,1,1
111079,31.0,6,Non-Hispanic Asian,21.2,,1.0,1.0,0,2.3,0.2,3.4,1.6,0.9,2.5,88921.327441,169,1,0,1
111133,48.0,4,Non-Hispanic Black,30.3,1.17,1.0,1.0,0,0.9,0.2,1.0,1.3,0.8,2.1,51559.075599,156,1,1,1
111138,57.0,3,Non-Hispanic White,74.8,1.88,3.0,3.0,0,1.0,0.2,1.6,3.3,1.6,4.9,84506.801334,155,1,1,0
111171,35.0,3,Non-Hispanic White,26.3,,2.0,2.0,0,0.4,0.4,1.2,1.0,0.5,1.5,269946.531954,149,2,0,1
111208,36.0,6,Non-Hispanic Asian,25.1,5.0,2.0,2.0,0,0.2,0.5,0.5,2.2,0.3,2.5,38718.75807,171,2,1,1
111317,45.0,1,Mexican American,38.9,1.91,4.0,4.0,0,0.5,0.3,1.0,1.5,0.5,2.0,133898.183433,154,1,1,1
111326,50.0,7,Other / Multiracial,25.4,1.16,3.0,3.0,0,,,,,,,5.397605346934028e-79,150,2,0,0
111332,57.0,3,Non-Hispanic White,20.5,5.397605346934028e-79,4.0,4.0,0,0.3,0.1,0.7,1.0,0.4,1.4,120268.580046,161,2,1,0
111370,34.0,7,Other / Multiracial,37.4,1.73,1.0,1.0,0,0.8,0.3,0.6,2.2,0.7,2.9000000000000004,19263.368165,156,2,1,1
111396,47.0,4,Non-Hispanic Black,38.2,1.63,3.0,3.0,0,0.07,0.07,0.2,0.4,0.07,0.47000000000000003,40591.070594,170,2,1,1
111402,54.0,6,Non-Hispanic Asian,21.8,1.26,2.0,2.0,0,0.6,1.1,2.0,5.5,1.1,6.6,23673.519552,168,1,1,0
111440,48.0,3,Non-Hispanic White,41.4,5.0,2.0,1.0,1,0.7,0.2,0.7,1.3,0.5,1.8,88677.242544,159,2,1,1
111491,58.0,3,Non-Hispanic White,29.7,,1.0,1.0,0,1.3,0.3,0.9,2.6,1.4,4.0,121230.201158,149,2,0,0
111505,33.0,2,Other Hispanic,20.2,4.22,1.0,1.0,0,,,,,,,5.397605346934028e-79,156,2,0,1
111520,58.0,1,Mexican American,,,3.0,3.0,0,0.6,0.3,1.2,2.1,0.8,2.9000000000000004,41104.576784,154,2,0,0
111543,30.0,3,Non-Hispanic White,19.1,1.89,4.0,4.0,0,0.4,0.07,0.7,1.2,0.6,1.7999999999999998,132825.6312,163,2,1,1
111551,39.0,1,Mexican American,28.0,1.01,3.0,3.0,0,0.7,0.2,0.6,3.0,0.6,3.6,19605.084851,152,1,1,1
111556,52.0,4,Non-Hispanic Black,49.0,1.66,1.0,1.0,0,0.6,0.8,1.9,2.7,1.3,4.0,21688.531547,167,2,1,0
111557,48.0,3,Non-Hispanic White,32.4,5.0,2.0,2.0,0,0.7,0.6,1.6,3.2,0.8,4.0,220432.186477,158,2,1,1
111575,37.0,6,Non-Hispanic Asian,28.7,4.58,2.0,2.0,0,,,,,,,5.397605346934028e-79,169,1,0,1
111590,40.0,3,Non-Hispanic White,44.2,1.49,2.0,2.0,0,0.6,0.5,0.9,2.7,0.9,3.6,83688.529608,157,1,1,1
111599,53.0,4,Non-Hispanic Black,27.7,1.33,2.0,0.0,1,,,,,,,5.397605346934028e-79,158,1,0,0
111614,58.0,4,Non-Hispanic Black,40.9,,1.0,1.0,0,1.6,1.5,2.0,3.4,1.5,4.9,53575.657702,160,2,0,0
111633,42.0,3,Non-Hispanic White,34.6,0.58,3.0,3.0,0,0.8,0.2,1.1,1.9,0.8,2.7,29588.489382,167,1,1,1
111655,55.0,1,Mexican American,21.4,0.67,4.0,4.0,0,0.6,0.4,1.3,2.1,0.8,2.9000000000000004,34883.08154,158,1,1,0
111666,41.0,4,Non-Hispanic Black,29.5,1.22,2.0,2.0,0,0.4,0.5,1.2,4.9,0.7,5.6000000000000005,56578.561536,172,1,1,1
111679,49.0,4,Non-Hispanic Black,24.7,3.31,2.0,2.0,0,1.2,1.9,2.6,12.4,2.9,15.3,40924.713219,153,1,1,1
111766,33.0,4,Non-Hispanic Black,43.6,5.0,2.0,2.0,0,0.3,0.07,0.8,1.5,0.5,2.0,94095.836427,172,1,1,1
111779,53.0,4,Non-Hispanic Black,31.8,4.78,2.0,2.0,0,0.6,0.7,1.5,6.4,1.1,7.5,140019.36854,162,2,1,0
111828,39.0,1,Mexican American,33.4,,3.0,3.0,0,0.6,0.3,0.7,0.7,0.3,1.0,52471.962534,152,2,0,1
111846,23.0,7,Other / Multiracial,30.6,2.32,1.0,1.0,0,0.3,0.5,0.5,0.8,0.3,1.1,60127.560092,151,1,1,1
111850,42.0,3,Non-Hispanic White,36.3,2.64,1.0,1.0,0,0.4,0.8,0.8,0.9,0.5,1.4,102241.979173,168,2,1,1
111869,44.0,6,Non-Hispanic Asian,25.6,4.25,3.0,3.0,0,0.5,0.6,1.1,1.8,0.8,2.6,49617.589594,169,1,1,1
111886,55.0,6,Non-Hispanic Asian,21.1,5.0,3.0,3.0,0,,,,,,,5.397605346934028e-79,161,2,0,0
111904,53.0,4,Non-Hispanic Black,29.7,5.0,2.0,2.0,0,0.8,0.6,1.7,1.4,0.5,1.9,110757.191799,152,1,1,0
111928,46.0,4,Non-Hispanic Black,29.0,,4.0,4.0,0,1.9,0.5,2.2,1.7,0.5,2.2,58495.605403,152,1,0,1
111938,57.0,3,Non-Hispanic White,22.5,5.0,1.0,1.0,0,2.3,0.4,3.0,2.4,2.2,4.6,406754.93712,165,1,1,0
111946,29.0,3,Non-Hispanic White,31.7,1.2,1.0,1.0,0,0.4,0.2,0.6,0.8,0.3,1.1,92758.599327,167,1,1,1
111958,38.0,7,Other / Multiracial,33.5,1.34,1.0,1.0,0,1.4,0.2,1.1,2.9,1.5,4.4,98998.471729,155,1,1,1
111972,37.0,1,Mexican American,24.4,1.36,4.0,4.0,0,0.3,0.7,0.6,1.5,0.4,1.9,110918.238488,160,1,1,1
111985,42.0,4,Non-Hispanic Black,39.2,1.33,3.0,1.0,1,,,,,,,5.397605346934028e-79,172,1,0,1
112021,52.0,3,Non-Hispanic White,43.1,5.0,3.0,3.0,0,1.0,4.5,10.4,2.4,2.3,4.699999999999999,446278.574382,162,1,1,0
112055,39.0,3,Non-Hispanic White,24.1,3.06,3.0,3.0,0,0.4,0.2,0.6,1.2,0.5,1.7,219322.741494,157,1,1,1
112089,54.0,3,Non-Hispanic White,27.2,1.68,3.0,3.0,0,0.3,0.2,0.6,1.8,0.8,2.6,139184.672262,154,2,1,0
112108,53.0,4,Non-Hispanic Black,56.9,5.0,2.0,2.0,0,0.3,0.5,1.1,3.5,0.6,4.1,24819.004646,159,2,1,0
112139,33.0,1,Mexican American,37.5,1.47,1.0,1.0,0,1.1,1.0,1.3,6.3,2.0,8.3,59518.908513,154,2,1,1
112156,43.0,6,Non-Hispanic Asian,25.0,,3.0,3.0,0,0.5,1.0,1.1,2.6,0.5,3.1,37500.915385,162,1,0,1
112168,55.0,4,Non-Hispanic Black,48.9,5.0,3.0,3.0,0,0.5,0.5,1.9,2.9,0.9,3.8,76602.638084,163,1,1,0
112207,53.0,2,Other Hispanic,28.2,2.67,5.0,1.0,1,0.4,0.8,1.3,6.0,0.9,6.9,34523.427244,164,2,1,0
112213,39.0,3,Non-Hispanic White,44.6,0.71,1.0,1.0,0,1.5,0.4,1.7,1.7,1.0,2.7,265957.174341,149,2,1,1
112248,32.0,7,Other / Multiracial,35.0,0.28,3.0,3.0,0,0.5,0.9,0.6,2.1,0.8,2.9000000000000004,200412.686879,157,2,1,1
112295,49.0,3,Non-Hispanic White,23.6,,2.0,2.0,0,1.1,3.9,3.7,16.6,3.3,19.900000000000002,84414.614121,150,2,0,1
112299,56.0,3,Non-Hispanic White,25.8,1.98,3.0,3.0,0,1.0,0.07,1.1,2.5,1.7,4.2,72915.086491,155,1,1,0
112320,48.0,3,Non-Hispanic White,36.5,0.28,2.0,2.0,0,1.0,0.6,1.8,2.3,0.9,3.1999999999999997,36623.08543,163,2,1,1
112329,32.0,4,Non-Hispanic Black,23.0,1.48,2.0,2.0,0,0.2,0.07,0.2,0.6,0.2,0.8,70865.333978,172,1,1,1
112332,59.0,3,Non-Hispanic White,36.0,,1.0,1.0,0,0.2,0.3,0.9,0.9,0.4,1.3,533842.271107,162,2,0,0
112350,48.0,3,Non-Hispanic White,40.0,,2.0,2.0,0,1.3,0.1,2.5,0.07,0.3,0.37,170322.01595,149,2,0,1
112427,52.0,3,Non-Hispanic White,19.7,1.23,3.0,3.0,0,0.4,0.3,0.7,2.0,0.6,2.6,94192.506745,158,2,1,0
112438,33.0,3,Non-Hispanic White,37.2,0.98,3.0,3.0,0,0.9,0.3,0.6,1.0,0.3,1.3,60785.261738,150,2,1,1
112444,57.0,1,Mexican American,41.7,1.32,4.0,4.0,0,1.6,0.3,1.6,1.8,1.1,2.9000000000000004,27676.994929,166,2,1,0
112469,45.0,1,Mexican American,30.5,0.56,3.0,3.0,0,0.07,0.07,0.1,0.8,0.07,0.8700000000000001,42252.460482,159,2,1,1
112477,34.0,1,Mexican American,27.0,,2.0,2.0,0,0.3,0.3,0.4,1.3,0.4,1.7000000000000002,50829.60561,161,2,0,1
112494,56.0,4,Non-Hispanic Black,26.8,,5.0,4.0,1,2.3,0.3,1.7,3.3,1.1,4.4,33738.583446,163,2,0,0
112546,37.0,3,Non-Hispanic White,48.8,0.49,1.0,1.0,0,0.1,0.1,0.3,0.5,0.2,0.7,141444.079271,161,1,1,1
112566,48.0,6,Non-Hispanic Asian,28.2,3.59,2.0,2.0,0,0.3,0.6,0.7,4.2,0.8,5.0,31704.823118,161,2,1,1
112576,34.0,3,Non-Hispanic White,23.9,5.0,2.0,2.0,0,,,,,,,5.397605346934028e-79,156,3,0,1
112580,58.0,2,Other Hispanic,25.9,0.92,3.0,3.0,0,0.2,0.7,1.0,1.1,0.4,1.5,42413.198166,149,1,1,0
112586,46.0,6,Non-Hispanic Asian,21.5,5.0,2.0,2.0,0,0.5,1.2,1.1,6.3,0.6,6.8999999999999995,70096.88863,152,1,1,1
112594,56.0,3,Non-Hispanic White,38.1,5.0,2.0,2.0,0,0.6,0.4,1.0,4.9,1.5,6.4,243120.526471,150,1,1,0
112605,35.0,2,Other Hispanic,29.3,0.82,2.0,2.0,0,0.4,0.1,1.1,0.4,0.3,0.7,67212.46173,149,2,1,1
112608,44.0,4,Non-Hispanic Black,42.2,1.94,1.0,1.0,0,,,,,,,5.397605346934028e-79,150,1,0,1
112650,43.0,7,Other / Multiracial,39.5,0.87,3.0,3.0,0,0.4,0.07,0.6,1.5,0.5,2.0,53034.294428,155,1,1,1
112664,45.0,6,Non-Hispanic Asian,21.4,1.39,2.0,2.0,0,12.3,3.0,52.8,15.9,2.7,18.6,21305.814501,169,2,1,1
112666,36.0,2,Other Hispanic,23.8,0.56,4.0,4.0,0,0.3,0.5,1.2,2.1,0.4,2.5,26244.411415,156,2,1,1
112687,52.0,4,Non-Hispanic Black,52.8,0.73,2.0,2.0,0,1.1,0.8,2.1,5.0,2.1,7.1,46630.059305,163,2,1,0
112694,33.0,3,Non-Hispanic White,22.3,2.08,3.0,3.0,0,,,,,,,5.397605346934028e-79,165,1,0,1
112706,37.0,3,Non-Hispanic White,21.8,1.61,4.0,4.0,0,0.5,0.3,0.6,3.4,0.9,4.3,80349.972373,158,2,1,1
112847,23.0,3,Non-Hispanic White,30.8,3.2,2.0,2.0,0,0.7,0.6,1.0,1.4,0.5,1.9,197425.431916,160,2,1,1
112865,50.0,6,Non-Hispanic Asian,22.2,4.57,1.0,1.0,0,0.7,2.4,2.6,5.7,0.7,6.4,40884.277316,153,2,1,0
112869,24.0,3,Non-Hispanic White,32.0,2.79,1.0,1.0,0,0.4,0.2,0.5,0.9,0.5,1.4,143856.223824,166,2,1,1
112902,35.0,3,Non-Hispanic White,35.9,3.92,1.0,1.0,0,1.1,0.8,2.4,2.7,0.9,3.6,324522.793601,166,1,1,1
112929,48.0,4,Non-Hispanic Black,47.8,0.04,2.0,1.0,1,3.1,1.3,2.4,6.2,1.6,7.800000000000001,27914.531724,150,2,1,1
112931,42.0,4,Non-Hispanic Black,26.8,2.37,3.0,3.0,0,0.2,0.1,0.4,0.6,0.2,0.8,58183.296432,153,2,1,1
112949,47.0,1,Mexican American,40.6,5.0,1.0,1.0,0,0.7,0.6,2.5,1.3,0.5,1.8,56831.057147,166,2,1,1
112955,54.0,1,Mexican American,30.8,5.0,1.0,1.0,0,0.6,0.9,0.7,1.4,0.3,1.7,103244.061528,159,1,1,0
112962,24.0,2,Other Hispanic,22.6,0.41,1.0,1.0,0,0.4,0.2,0.5,1.4,0.4,1.7999999999999998,132616.745346,157,2,1,1
112965,30.0,4,Non-Hispanic Black,20.6,1.88,2.0,2.0,0,0.07,0.07,0.2,0.3,0.07,0.37,16202.987564,171,1,1,1
112967,53.0,4,Non-Hispanic Black,50.9,1.01,3.0,3.0,0,1.0,0.6,0.6,4.3,2.2,6.5,12182.989315,152,1,1,0
112972,26.0,4,Non-Hispanic Black,42.6,,4.0,3.0,1,1.8,0.4,1.4,3.5,1.1,4.6,28387.139047,167,1,0,1
113009,44.0,6,Non-Hispanic Asian,35.6,0.32,1.0,1.0,0,0.5,0.07,1.0,0.5,0.3,0.8,14896.471711,167,1,1,1
113023,38.0,6,Non-Hispanic Asian,32.8,,2.0,2.0,0,0.4,0.2,0.6,0.9,0.6,1.5,67464.010357,169,1,0,1
113037,54.0,3,Non-Hispanic White,36.1,1.78,4.0,4.0,0,0.6,0.4,0.9,2.9,0.8,3.7,76534.282735,163,2,1,0
113041,31.0,4,Non-Hispanic Black,20.8,0.52,3.0,3.0,0,0.4,0.3,0.5,2.0,0.9,2.9,33034.401828,170,2,1,1
113059,32.0,6,Non-Hispanic Asian,22.3,2.03,2.0,2.0,0,0.4,0.8,1.5,6.0,0.8,6.8,30884.581154,167,1,1,1
113061,33.0,6,Non-Hispanic Asian,27.4,,1.0,1.0,0,0.7,0.5,0.4,0.5,0.3,0.8,61086.043388,159,1,0,1
113063,57.0,2,Other Hispanic,20.9,5.0,2.0,1.0,1,,,,,,,5.397605346934028e-79,169,1,0,0
113078,32.0,3,Non-Hispanic White,27.0,5.0,2.0,2.0,0,0.5,1.0,0.8,2.3,0.9,3.1999999999999997,249691.389885,151,1,1,1
113113,41.0,6,Non-Hispanic Asian,29.2,0.89,2.0,2.0,0,1.3,1.0,2.1,17.4,3.9,21.299999999999997,38211.969841,170,2,1,1
113125,44.0,7,Other / Multiracial,30.9,4.58,2.0,2.0,0,0.9,0.7,1.0,0.9,0.4,1.3,27471.167973,156,1,1,1
113143,28.0,4,Non-Hispanic Black,48.2,1.15,4.0,4.0,0,,,,,,,5.397605346934028e-79,171,2,0,1
113155,54.0,3,Non-Hispanic White,41.7,1.48,1.0,1.0,0,0.4,0.4,1.1,1.4,1.1,2.5,295533.354358,149,1,1,0
113178,46.0,4,Non-Hispanic Black,46.4,2.73,3.0,3.0,0,0.5,0.3,1.0,0.9,0.4,1.3,14838.122021,167,1,1,1
113197,24.0,1,Mexican American,17.2,0.63,2.0,2.0,0,0.5,0.3,0.6,1.8,0.7,2.5,90860.17969,165,1,1,1
113209,52.0,4,Non-Hispanic Black,26.7,5.0,3.0,3.0,0,0.3,0.5,0.9,1.2,0.5,1.7,80498.056418,149,2,1,0
113213,43.0,3,Non-Hispanic White,28.0,4.41,4.0,4.0,0,0.5,0.3,1.0,2.0,0.6,2.6,325834.980525,165,1,1,1
113215,25.0,4,Non-Hispanic Black,24.3,0.43,3.0,2.0,1,0.2,0.2,0.4,1.0,0.3,1.3,43812.321669,168,1,1,1
113233,41.0,3,Non-Hispanic White,40.4,4.09,1.0,1.0,0,0.3,0.07,0.7,0.9,0.2,1.1,270185.439176,170,1,1,1
113236,55.0,7,Other / Multiracial,32.1,3.92,2.0,2.0,0,0.7,1.4,2.1,10.9,1.8,12.700000000000001,94986.001464,172,1,1,0
113276,55.0,6,Non-Hispanic Asian,28.9,3.04,2.0,2.0,0,2.1,1.3,2.8,2.8,1.6,4.4,54068.645835,169,1,1,0
113285,57.0,1,Mexican American,33.3,0.92,3.0,3.0,0,0.5,0.5,0.8,2.2,0.4,2.6,35465.645127,152,1,1,0
113376,56.0,4,Non-Hispanic Black,21.1,0.99,4.0,4.0,0,0.8,1.0,1.2,5.7,2.2,7.9,58836.291805,168,1,1,0
113386,24.0,4,Non-Hispanic Black,47.4,1.06,3.0,3.0,0,0.3,0.07,0.3,1.4,0.3,1.7,108533.910544,172,1,1,1
113396,28.0,4,Non-Hispanic Black,21.0,3.05,1.0,1.0,0,,,,,,,5.397605346934028e-79,171,2,0,1
113409,30.0,3,Non-Hispanic White,25.8,0.8,3.0,3.0,0,0.3,0.2,0.5,0.7,0.3,1.0,135147.255426,157,1,1,1
113451,45.0,4,Non-Hispanic Black,49.8,1.13,3.0,3.0,0,0.3,0.5,0.6,2.3,0.3,2.5999999999999996,21370.874866,171,1,1,1
113487,52.0,4,Non-Hispanic Black,46.6,4.0,1.0,1.0,0,0.6,0.8,0.5,4.5,1.3,5.8,64452.002448,168,1,1,0
113505,29.0,4,Non-Hispanic Black,29.4,4.22,1.0,1.0,0,0.07,0.7,0.2,0.2,0.07,0.27,64366.13748,151,1,1,1
113551,37.0,1,Mexican American,26.9,0.89,1.0,1.0,0,0.7,0.6,1.1,3.5,0.8,4.3,47087.031854,156,2,1,1
113556,23.0,2,Other Hispanic,29.1,2.55,1.0,1.0,0,0.6,0.07,0.4,0.5,0.2,0.7,98488.395515,155,1,1,1
113641,24.0,3,Non-Hispanic White,20.3,1.83,1.0,1.0,0,1.8,0.3,1.2,2.5,0.9,3.4,207262.840404,158,2,1,1
113646,47.0,4,Non-Hispanic Black,43.9,5.397605346934028e-79,2.0,2.0,0,0.9,0.6,0.9,2.0,0.9,2.9,55600.38807,165,1,1,1
113658,37.0,1,Mexican American,32.2,,2.0,0.0,1,0.5,0.1,0.6,0.8,0.5,1.3,39625.413607,168,2,0,1
113687,45.0,4,Non-Hispanic Black,34.1,5.0,3.0,3.0,0,0.3,0.7,2.1,3.4,0.4,3.8,28312.211005,150,1,1,1
113844,41.0,2,Other Hispanic,36.9,0.34,3.0,3.0,0,0.4,0.1,0.6,1.6,0.2,1.8,15515.099301,170,1,1,1
113857,49.0,6,Non-Hispanic Asian,24.6,5.0,1.0,1.0,0,0.5,0.5,0.9,2.5,0.5,3.0,44641.183242,172,1,1,1
113860,51.0,6,Non-Hispanic Asian,28.9,4.72,3.0,3.0,0,0.4,0.6,1.1,4.7,0.5,5.2,11719.147922,151,2,1,0
113891,40.0,7,Other / Multiracial,26.9,4.34,1.0,1.0,0,0.4,0.9,1.7,3.4,0.7,4.1,30248.438604,156,2,1,1
113915,36.0,4,Non-Hispanic Black,42.9,0.99,4.0,4.0,0,0.4,0.8,1.1,1.9,0.5,2.4,46719.112169,165,2,1,1
113928,34.0,6,Non-Hispanic Asian,22.4,4.66,2.0,2.0,0,0.3,0.2,0.6,2.1,0.6,2.7,44218.50374,156,3,1,1
114036,56.0,4,Non-Hispanic Black,38.4,2.49,1.0,1.0,0,2.7,0.7,2.1,6.3,3.0,9.3,32797.008728,163,2,1,0
114057,25.0,2,Other Hispanic,27.5,0.56,1.0,1.0,0,0.4,0.6,0.9,2.8,0.5,3.3,71594.299226,160,2,1,1
114068,32.0,3,Non-Hispanic White,24.4,1.73,2.0,2.0,0,2.0,0.3,0.9,2.5,1.0,3.5,102656.534863,150,1,1,1
114093,44.0,4,Non-Hispanic Black,26.6,2.03,2.0,2.0,0,0.2,0.07,0.2,0.3,0.1,0.4,63856.387654,164,1,1,1
114099,33.0,3,Non-Hispanic White,22.4,0.6,3.0,3.0,0,0.6,0.3,0.6,2.4,0.9,3.3,74674.103178,164,2,1,1
114114,49.0,1,Mexican American,31.6,1.02,2.0,2.0,0,1.1,0.2,2.0,1.5,0.5,2.0,48325.630014,170,1,1,1
114124,36.0,3,Non-Hispanic White,31.8,5.0,2.0,2.0,0,0.9,0.2,1.8,1.0,0.6,1.6,167064.692049,169,2,1,1
114135,21.0,4,Non-Hispanic Black,23.5,,1.0,1.0,0,1.3,0.1,0.7,1.5,0.5,2.0,36843.223298,156,1,0,1
114187,24.0,3,Non-Hispanic White,17.7,0.87,1.0,1.0,0,0.5,0.2,0.5,1.7,0.5,2.2,151032.827321,158,1,1,1
114199,34.0,3,Non-Hispanic White,33.0,0.83,2.0,2.0,0,1.6,0.1,0.7,1.4,0.6,2.0,97390.033096,164,1,1,1
114222,42.0,1,Mexican American,25.0,1.5,2.0,2.0,0,1.0,0.6,1.3,4.7,1.2,5.9,42448.226698,164,2,1,1
114237,52.0,6,Non-Hispanic Asian,25.5,1.9,2.0,2.0,0,,,,,,,5.397605346934028e-79,162,1,0,0
114287,49.0,4,Non-Hispanic Black,28.1,5.0,2.0,2.0,0,3.2,0.8,0.5,42.3,3.5,45.8,35694.013085,158,1,1,1
114320,55.0,3,Non-Hispanic White,31.7,2.36,2.0,2.0,0,0.5,0.4,3.0,1.1,0.7,1.8,551683.947822,149,2,1,0
114369,56.0,6,Non-Hispanic Asian,19.7,2.11,2.0,2.0,0,1.0,0.9,2.4,5.7,1.0,6.7,40884.277316,153,2,1,0
114375,31.0,7,Other / Multiracial,52.3,1.0,4.0,3.0,1,,,,,,,5.397605346934028e-79,168,1,0,1
114412,45.0,1,Mexican American,21.5,1.24,4.0,3.0,1,1.1,0.3,1.1,1.0,0.3,1.3,37746.204946,160,1,1,1
114527,55.0,2,Other Hispanic,26.9,2.61,2.0,2.0,0,1.4,0.6,1.8,1.8,0.8,2.6,91232.444486,156,1,1,0
114530,52.0,6,Non-Hispanic Asian,26.4,1.17,1.0,1.0,0,0.4,0.1,0.7,0.4,0.3,0.7,48340.993361,160,1,1,0
114531,29.0,4,Non-Hispanic Black,28.4,,3.0,3.0,0,,,,,,,5.397605346934028e-79,155,2,0,1
114536,28.0,4,Non-Hispanic Black,22.8,4.98,1.0,1.0,0,,,,,,,5.397605346934028e-79,170,1,0,1
114542,45.0,3,Non-Hispanic White,23.9,0.72,4.0,4.0,0,1.5,1.0,3.6,3.1,1.1,4.2,53924.645807,151,2,1,1
114557,33.0,4,Non-Hispanic Black,28.3,,1.0,1.0,0,0.5,0.4,1.0,2.3,0.6,2.9,33439.334325,152,2,0,1
114576,35.0,3,Non-Hispanic White,27.4,3.69,2.0,2.0,0,1.5,0.2,0.5,1.8,0.6,2.4,153436.240036,159,2,1,1
114590,33.0,1,Mexican American,28.8,0.49,2.0,2.0,0,0.3,0.1,0.5,0.7,0.2,0.8999999999999999,55176.1338,154,2,1,1
114595,25.0,7,Other / Multiracial,29.4,1.05,3.0,3.0,0,0.2,0.3,0.3,0.9,0.3,1.2,87637.314311,164,2,1,1
114620,51.0,3,Non-Hispanic White,31.5,4.97,3.0,3.0,0,0.5,0.3,0.9,1.5,0.8,2.3,441120.865335,156,3,1,0
114632,49.0,3,Non-Hispanic White,42.3,0.82,2.0,2.0,0,1.1,0.5,0.8,1.7,0.9,2.6,108244.082154,162,2,1,1
114646,40.0,2,Other Hispanic,35.6,0.05,3.0,3.0,0,,,,,,,5.397605346934028e-79,169,1,0,1
114669,38.0,6,Non-Hispanic Asian,23.7,3.88,1.0,1.0,0,4.1,3.1,7.0,5.8,0.8,6.6,61086.043388,159,1,1,1
114682,56.0,4,Non-Hispanic Black,32.2,4.61,3.0,3.0,0,0.4,0.4,0.9,2.7,0.5,3.2,60983.407489,156,3,1,0
114690,41.0,4,Non-Hispanic Black,26.1,0.55,3.0,3.0,0,0.4,0.2,0.7,1.8,0.5,2.3,107780.186233,166,1,1,1
114709,34.0,1,Mexican American,26.1,0.41,4.0,4.0,0,0.4,0.3,1.6,1.5,0.5,2.0,86472.061313,169,1,1,1
114791,59.0,2,Other Hispanic,31.8,,3.0,3.0,0,0.6,0.9,8.0,4.0,0.9,4.9,59969.317411,153,1,0,0
114850,47.0,3,Non-Hispanic White,32.4,,2.0,2.0,0,,,,,,,5.397605346934028e-79,158,2,0,1
114908,54.0,3,Non-Hispanic White,46.2,4.44,4.0,3.0,1,0.2,0.5,0.6,0.6,0.3,0.8999999999999999,151365.271967,159,2,1,0
114931,40.0,1,Mexican American,33.3,,3.0,3.0,0,0.07,0.07,0.2,0.5,0.2,0.7,53083.155847,150,1,0,1
114932,42.0,1,Mexican American,30.3,1.04,4.0,4.0,0,0.5,0.2,0.5,1.9,0.7,2.5999999999999996,31929.579953,161,2,1,1
114984,31.0,7,Other / Multiracial,30.2,2.72,3.0,3.0,0,0.4,0.5,0.5,1.2,0.4,1.6,60967.498484,152,2,1,1
114993,36.0,3,Non-Hispanic White,43.9,1.51,3.0,2.0,1,0.5,0.2,0.5,2.5,0.7,3.2,92983.035236,158,1,1,1
114996,55.0,4,Non-Hispanic Black,22.9,4.73,3.0,3.0,0,0.4,0.9,1.0,4.3,1.1,5.4,42585.894861,168,1,1,0
115028,38.0,1,Mexican American,43.0,3.85,3.0,3.0,0,0.1,0.1,0.2,0.4,0.1,0.5,22677.824377,161,2,1,1
115055,38.0,1,Mexican American,25.1,0.33,4.0,4.0,0,0.4,0.4,0.5,1.8,0.6,2.4,103042.680633,162,2,1,1
115060,21.0,1,Mexican American,52.8,2.41,1.0,1.0,0,0.6,0.5,0.5,2.0,1.0,3.0,60615.485456,164,2,1,1
115064,45.0,7,Other / Multiracial,42.4,0.79,1.0,1.0,0,0.5,0.2,0.9,1.2,0.7,1.9,48018.161124,161,2,1,1
115089,59.0,7,Other / Multiracial,22.7,5.0,1.0,1.0,0,0.6,0.1,0.4,1.1,0.5,1.6,61085.054958,157,2,1,0
115105,22.0,4,Non-Hispanic Black,31.6,2.17,1.0,1.0,0,0.6,0.2,0.7,2.2,0.7,2.9000000000000004,114570.661056,163,1,1,1
115196,55.0,3,Non-Hispanic White,30.8,0.75,2.0,2.0,0,1.0,0.4,2.2,3.2,3.2,6.4,98329.266336,157,1,1,0
115205,31.0,3,Non-Hispanic White,24.7,1.22,2.0,2.0,0,2.3,0.2,0.6,4.5,1.1,5.6,113725.622092,164,1,1,1
115253,39.0,4,Non-Hispanic Black,49.3,4.12,1.0,0.0,1,1.5,0.2,0.7,2.1,1.2,3.3,90033.960625,163,1,1,1
115277,56.0,4,Non-Hispanic Black,49.8,4.8,1.0,1.0,0,0.4,0.2,0.9,1.2,0.6,1.7999999999999998,53073.734612,161,1,1,0
115299,30.0,6,Non-Hispanic Asian,27.5,,1.0,1.0,0,,,,,,,5.397605346934028e-79,169,1,0,1
115300,42.0,2,Other Hispanic,32.5,1.96,4.0,4.0,0,0.3,0.3,0.7,1.5,0.3,1.8,82453.238787,155,1,1,1
115303,50.0,7,Other / Multiracial,48.4,,4.0,1.0,1,0.5,0.4,0.6,4.8,0.7,5.5,56032.479805,167,1,0,0
115323,43.0,2,Other Hispanic,19.9,5.0,1.0,1.0,0,0.6,0.4,2.2,0.6,0.4,1.0,119987.355712,156,3,1,1
115325,27.0,2,Other Hispanic,33.6,0.85,4.0,0.0,1,0.2,0.1,0.5,0.6,0.2,0.8,64497.391235,153,1,1,1
115346,39.0,7,Other / Multiracial,30.7,1.22,3.0,3.0,0,0.07,0.07,0.1,0.2,0.07,0.27,39102.969404,168,1,1,1
115386,40.0,7,Other / Multiracial,42.1,1.12,2.0,2.0,0,1.0,0.7,1.4,2.2,1.2,3.4000000000000004,15396.400021,156,2,1,1
115390,45.0,3,Non-Hispanic White,23.5,4.6,1.0,1.0,0,1.3,0.5,3.1,2.4,1.0,3.4,114729.974979,151,2,1,1
115467,34.0,2,Other Hispanic,28.3,,2.0,2.0,0,0.6,1.0,1.6,3.2,1.0,4.2,76099.676344,153,1,0,1
115479,55.0,6,Non-Hispanic Asian,20.4,4.86,1.0,1.0,0,0.3,0.6,1.0,1.6,0.3,1.9000000000000001,36653.632871,165,2,1,0
115551,23.0,4,Non-Hispanic Black,22.3,,1.0,1.0,0,0.4,0.5,0.8,5.0,0.7,5.7,47628.991748,158,1,0,1
115577,49.0,6,Non-Hispanic Asian,21.8,2.04,4.0,4.0,0,1.2,1.5,1.7,5.8,1.3,7.1,32431.627824,165,2,1,1
115579,56.0,4,Non-Hispanic Black,42.1,4.62,1.0,1.0,0,1.2,1.0,3.6,5.1,3.4,8.5,30597.66096,170,2,1,0
115596,57.0,6,Non-Hispanic Asian,24.4,5.0,4.0,4.0,0,,,,,,,5.397605346934028e-79,154,2,0,0
115675,23.0,3,Non-Hispanic White,43.4,1.59,2.0,2.0,0,0.5,0.3,0.4,1.6,0.5,2.1,221370.443418,157,1,1,1
115679,56.0,3,Non-Hispanic White,48.1,1.75,2.0,2.0,0,0.3,0.6,2.1,3.3,0.9,4.2,103708.108105,156,2,1,0
115683,51.0,2,Other Hispanic,28.2,4.1,2.0,2.0,0,0.6,0.6,1.2,2.0,0.6,2.6,137959.219874,169,1,1,0
115780,41.0,4,Non-Hispanic Black,32.8,2.64,3.0,3.0,0,0.4,0.6,0.7,1.4,0.3,1.7,49114.442865,159,1,1,1
115792,33.0,3,Non-Hispanic White,22.6,5.0,2.0,2.0,0,0.8,0.6,2.0,2.2,0.8,3.0,181734.512744,164,2,1,1
115850,56.0,2,Other Hispanic,39.6,4.02,1.0,1.0,0,2.2,0.8,1.2,2.9,1.8,4.7,111676.292044,159,1,1,0
115909,55.0,4,Non-Hispanic Black,50.5,,3.0,0.0,1,0.2,0.2,0.5,1.4,0.5,1.9,12717.330955,150,1,0,0
115950,44.0,3,Non-Hispanic White,38.8,0.78,3.0,3.0,0,0.8,0.2,0.9,1.5,0.5,2.0,89382.010154,158,2,1,1
115986,55.0,3,Non-Hispanic White,39.4,1.46,3.0,3.0,0,0.6,0.4,0.9,1.9,0.6,2.5,153844.561578,157,1,1,0
116003,25.0,2,Other Hispanic,26.1,,2.0,2.0,0,0.3,0.2,0.5,1.1,0.4,1.5,134108.426524,153,2,0,1
116013,58.0,4,Non-Hispanic Black,39.1,2.32,2.0,2.0,0,2.9,1.9,8.8,5.1,2.1,7.199999999999999,15591.260169,151,2,1,0
116036,59.0,3,Non-Hispanic White,31.4,4.45,3.0,3.0,0,2.1,1.4,1.4,17.6,1.9,19.5,360813.223228,166,2,1,0
116067,44.0,7,Other / Multiracial,35.0,0.93,2.0,2.0,0,0.3,0.2,0.7,1.0,0.5,1.5,70735.329911,162,1,1,1
116076,32.0,2,Other Hispanic,34.4,2.73,4.0,2.0,1,1.1,0.4,1.6,2.2,1.3,3.5,76574.8609,165,1,1,1
116114,44.0,1,Mexican American,23.6,5.0,1.0,1.0,0,0.4,0.2,0.5,1.3,0.5,1.8,116306.665203,170,1,1,1
116121,34.0,4,Non-Hispanic Black,30.3,0.69,3.0,3.0,0,0.7,1.2,1.9,4.1,0.6,4.699999999999999,24266.507943,151,2,1,1
116159,41.0,3,Non-Hispanic White,56.9,2.55,2.0,2.0,0,0.2,0.3,0.4,1.0,0.5,1.5,45347.079638,164,2,1,1
116160,38.0,1,Mexican American,36.1,2.03,2.0,2.0,0,0.2,0.3,1.2,0.6,0.2,0.8,34514.199479,167,2,1,1
116164,33.0,7,Other / Multiracial,32.5,2.2,2.0,2.0,0,0.5,0.4,0.6,1.2,0.8,2.0,412175.164735,162,1,1,1
116167,52.0,1,Mexican American,24.5,0.96,4.0,4.0,0,1.1,0.3,0.9,1.4,0.6,2.0,34538.1309,152,2,1,0
116242,42.0,2,Other Hispanic,33.0,3.2,3.0,3.0,0,0.2,0.5,0.4,0.7,0.3,1.0,113594.13335,151,1,1,1
116271,52.0,6,Non-Hispanic Asian,23.6,4.9,2.0,2.0,0,0.4,0.4,1.4,2.5,0.7,3.2,35740.277709,161,1,1,0
116287,47.0,3,Non-Hispanic White,24.8,,3.0,3.0,0,,,,,,,5.397605346934028e-79,167,1,0,1
116291,48.0,6,Non-Hispanic Asian,21.9,0.64,2.0,2.0,0,11.9,1.9,6.2,26.6,4.4,31.0,32607.151332,169,2,1,1
116314,35.0,6,Non-Hispanic Asian,17.0,1.39,3.0,3.0,0,14.9,1.8,6.9,23.8,3.7,27.5,38132.669268,169,2,1,1
116336,40.0,3,Non-Hispanic White,32.0,1.56,4.0,4.0,0,0.3,0.2,0.4,0.9,0.3,1.2,120821.291433,157,1,1,1
116348,47.0,3,Non-Hispanic White,27.8,3.4,2.0,2.0,0,0.3,0.2,0.8,0.7,0.4,1.1,590572.346663,149,2,1,1
116417,27.0,1,Mexican American,32.8,5.397605346934028e-79,1.0,1.0,0,0.8,0.5,1.8,1.4,0.6,2.0,59547.336217,162,1,1,1
116435,51.0,6,Non-Hispanic Asian,28.9,5.0,3.0,3.0,0,1.0,0.5,0.9,1.8,1.0,2.8,36707.355476,164,2,1,0
116454,31.0,4,Non-Hispanic Black,29.5,,1.0,1.0,0,1.6,2.0,2.5,7.9,1.2,9.1,79026.5313,160,2,0,1
116528,42.0,2,Other Hispanic,21.0,5.0,2.0,2.0,0,2.0,0.7,1.7,5.7,2.7,8.4,108016.241413,153,1,1,1
116605,59.0,4,Non-Hispanic Black,40.4,1.18,3.0,3.0,0,2.9,2.0,4.2,16.8,3.3,20.1,37498.555694,170,2,1,0
116675,42.0,4,Non-Hispanic Black,61.2,5.0,1.0,1.0,0,0.5,0.3,0.8,1.9,1.1,3.0,18849.947314,171,1,1,1
116678,20.0,1,Mexican American,17.5,0.45,2.0,2.0,0,0.4,0.3,0.5,0.9,0.5,1.4,83294.436653,154,1,1,1
116703,42.0,4,Non-Hispanic Black,33.0,0.99,3.0,3.0,0,0.7,1.1,1.0,12.1,5.3,17.4,24310.080405,150,2,1,1
116713,47.0,6,Non-Hispanic Asian,27.5,1.21,3.0,3.0,0,0.4,0.3,0.8,1.8,0.3,2.1,41397.303857,156,3,1,1
116724,43.0,1,Mexican American,42.8,2.91,1.0,1.0,0,0.7,0.9,1.6,1.5,1.1,2.6,126419.821284,159,1,1,1
116747,59.0,3,Non-Hispanic White,23.1,1.6,4.0,4.0,0,0.5,0.4,1.0,2.1,1.0,3.1,105385.165579,159,2,1,0
116814,48.0,3,Non-Hispanic White,36.0,2.79,2.0,2.0,0,0.3,0.1,0.4,0.6,0.3,0.8999999999999999,36566.855508,167,1,1,1
116843,35.0,2,Other Hispanic,24.4,1.3,2.0,2.0,0,0.1,0.2,0.4,1.3,0.5,1.8,34102.406933,149,1,1,1
116867,52.0,1,Mexican American,30.9,5.0,3.0,3.0,0,0.2,0.4,0.3,1.0,0.3,1.3,46251.215624,159,2,1,0
116888,51.0,1,Mexican American,21.5,1.89,2.0,2.0,0,1.2,0.7,1.3,5.9,1.3,7.2,73739.702444,158,1,1,0
116890,41.0,4,Non-Hispanic Black,34.7,1.57,3.0,3.0,0,0.4,0.2,0.7,1.3,0.6,1.9,27794.838926,170,2,1,1
116947,27.0,4,Non-Hispanic Black,34.2,0.56,4.0,4.0,0,0.6,3.4,0.5,2.0,0.5,2.5,123013.696048,151,1,1,1
116972,48.0,1,Mexican American,37.4,4.31,2.0,2.0,0,0.4,0.3,1.2,1.6,0.6,2.2,85162.311012,154,1,1,1
117017,49.0,3,Non-Hispanic White,27.0,1.83,5.0,4.0,1,1.2,1.6,3.7,1.8,0.8,2.6,276301.526574,158,2,1,1
117062,43.0,6,Non-Hispanic Asian,20.9,5.0,2.0,2.0,0,0.6,0.6,1.2,1.4,0.5,1.9,37882.658857,171,2,1,1
117095,32.0,2,Other Hispanic,21.0,0.58,5.0,4.0,1,0.5,0.9,1.4,0.9,0.4,1.3,60977.433365,149,2,1,1
117116,21.0,1,Mexican American,49.4,1.41,2.0,0.0,1,1.2,0.2,1.2,1.1,0.6,1.7000000000000002,66280.526521,166,2,1,1
117178,25.0,1,Mexican American,43.7,0.81,2.0,2.0,0,0.2,0.3,0.4,0.9,0.3,1.2,63975.414477,168,1,1,1
117191,36.0,1,Mexican American,31.8,3.98,2.0,2.0,0,0.5,0.9,0.6,1.1,0.3,1.4000000000000001,96863.999517,159,1,1,1
117195,26.0,1,Mexican American,25.5,,4.0,4.0,0,0.2,0.2,0.2,0.6,0.3,0.8999999999999999,98751.297392,168,1,0,1
117209,35.0,1,Mexican American,31.2,2.17,4.0,4.0,0,2.2,0.4,1.5,1.3,0.5,1.8,85499.930508,152,1,1,1
117216,23.0,4,Non-Hispanic Black,35.6,0.61,2.0,2.0,0,0.5,0.4,0.6,2.9,0.5,3.4,32003.722299,170,2,1,1
117297,52.0,1,Mexican American,44.8,3.79,3.0,3.0,0,0.8,0.4,1.0,1.5,0.7,2.2,48882.798851,159,1,1,0
117308,36.0,4,Non-Hispanic Black,31.6,0.12,3.0,3.0,0,2.1,0.5,1.2,2.5,1.1,3.6,22474.850906,152,2,1,1
117316,55.0,4,Non-Hispanic Black,40.8,1.01,3.0,3.0,0,0.5,0.8,1.4,5.1,1.1,6.199999999999999,37299.615444,168,1,1,0
117319,56.0,6,Non-Hispanic Asian,33.2,,3.0,3.0,0,,,,,,,5.397605346934028e-79,169,1,0,0
117320,34.0,2,Other Hispanic,33.5,3.33,1.0,1.0,0,1.3,0.5,1.6,2.2,1.3,3.5,75739.498778,165,1,1,1
117351,32.0,3,Non-Hispanic White,29.6,,4.0,4.0,0,,,,,,,5.397605346934028e-79,151,2,0,1
117417,27.0,6,Non-Hispanic Asian,28.2,4.81,1.0,1.0,0,,,,,,,5.397605346934028e-79,169,1,0,1
117429,41.0,4,Non-Hispanic Black,37.5,0.38,4.0,4.0,0,0.07,0.2,0.3,0.9,0.2,1.1,33064.47973,150,1,1,1
117464,56.0,3,Non-Hispanic White,17.9,3.4,4.0,3.0,1,2.1,0.5,1.4,4.5,1.6,6.1,599923.6777,158,1,1,0
117505,36.0,7,Other / Multiracial,37.3,1.42,5.0,2.0,1,0.5,0.2,0.9,1.2,0.8,2.0,107679.281719,164,1,1,1
117510,51.0,6,Non-Hispanic Asian,19.3,1.47,2.0,2.0,0,2.5,0.3,1.3,1.8,0.5,2.3,22265.188515,169,2,1,0
117514,56.0,3,Non-Hispanic White,24.8,1.72,2.0,2.0,0,0.8,0.1,1.2,1.9,0.5,2.4,119042.193576,158,2,1,0
117589,59.0,3,Non-Hispanic White,24.9,,2.0,2.0,0,1.4,1.3,3.3,4.9,1.9,6.800000000000001,525901.864746,165,1,0,0
117605,32.0,4,Non-Hispanic Black,34.5,1.67,2.0,2.0,0,,,,,,,5.397605346934028e-79,171,1,0,1
117606,33.0,4,Non-Hispanic Black,33.9,,2.0,2.0,0,0.07,0.07,0.07,0.07,0.07,0.14,68992.217775,163,1,0,1
117644,30.0,4,Non-Hispanic Black,22.1,1.44,2.0,2.0,0,0.2,0.3,0.3,1.3,0.3,1.6,34343.472271,156,2,1,1
117672,55.0,4,Non-Hispanic Black,38.9,,4.0,4.0,0,0.6,0.2,0.8,1.1,0.8,1.9000000000000001,75860.022199,161,2,0,0
117687,45.0,6,Non-Hispanic Asian,33.7,4.69,1.0,1.0,0,0.6,0.5,1.9,0.9,0.6,1.5,61311.327897,169,1,1,1
117752,33.0,3,Non-Hispanic White,23.9,4.85,2.0,2.0,0,0.4,0.5,0.4,1.0,0.3,1.3,241821.842873,151,1,1,1
117753,53.0,6,Non-Hispanic Asian,21.5,5.0,1.0,1.0,0,1.3,0.8,2.4,4.1,1.1,5.199999999999999,40620.21792,167,1,1,0
117824,38.0,2,Other Hispanic,20.4,1.89,2.0,2.0,0,1.0,0.5,0.7,15.0,1.3,16.3,67817.580649,156,1,1,1
117840,35.0,1,Mexican American,25.8,,2.0,2.0,0,0.07,0.1,0.5,0.9,0.1,1.0,41914.578833,159,2,0,1
117856,50.0,2,Other Hispanic,15.8,0.76,2.0,2.0,0,0.5,0.2,0.6,1.5,0.3,1.8,69701.057509,156,1,1,0
117903,46.0,6,Non-Hispanic Asian,35.0,3.85,3.0,3.0,0,0.2,0.1,0.3,0.4,0.2,0.6000000000000001,24725.298122,152,2,1,1
117907,21.0,2,Other Hispanic,29.0,0.12,2.0,2.0,0,0.6,0.4,1.2,9.8,1.1,10.9,36985.481975,167,1,1,1
117931,44.0,6,Non-Hispanic Asian,37.3,4.52,1.0,1.0,0,0.9,0.7,0.9,6.6,2.1,8.7,29227.244248,155,1,1,1
117950,59.0,6,Non-Hispanic Asian,20.6,4.62,3.0,3.0,0,0.5,2.7,1.2,27.0,1.7,28.7,23001.516849,165,2,1,0
117953,41.0,3,Non-Hispanic White,44.4,3.66,1.0,1.0,0,0.5,1.0,3.5,0.8,0.2,1.0,350810.295308,157,1,1,1
117990,34.0,6,Non-Hispanic Asian,25.5,,4.0,4.0,0,0.3,0.3,0.5,0.8,0.3,1.1,52486.988572,169,2,0,1
118029,52.0,1,Mexican American,21.4,2.54,2.0,2.0,0,0.5,2.4,10.3,1.2,0.5,1.7,54409.486505,154,1,1,0
118030,53.0,2,Other Hispanic,28.6,,2.0,2.0,0,0.4,0.07,0.8,0.5,0.3,0.8,67618.293415,162,1,0,0
118105,59.0,4,Non-Hispanic Black,20.5,,3.0,3.0,0,3.1,0.6,4.5,4.6,2.8,7.3999999999999995,25466.039567,167,1,0,0
118121,58.0,2,Other Hispanic,37.1,1.83,4.0,4.0,0,0.7,0.7,0.9,3.4,1.1,4.5,37130.035265,164,2,1,0
118125,57.0,4,Non-Hispanic Black,46.3,3.11,3.0,3.0,0,0.4,0.2,0.7,2.2,0.8,3.0,119840.134292,172,1,1,0
118179,48.0,3,Non-Hispanic White,18.3,1.55,4.0,4.0,0,0.5,1.3,0.6,0.9,0.3,1.2,137058.404194,159,1,1,1
118199,22.0,1,Mexican American,28.9,,1.0,1.0,0,0.6,0.5,1.4,2.2,0.7,2.9000000000000004,56597.945756,154,1,0,1
118205,44.0,2,Other Hispanic,,0.1,5.0,4.0,1,0.5,0.6,1.5,1.1,0.8,1.9000000000000001,78440.858085,149,2,0,1
118216,55.0,3,Non-Hispanic White,22.2,3.82,3.0,3.0,0,0.6,0.6,2.3,2.3,0.6,2.9,167131.015336,167,2,1,0
118226,59.0,3,Non-Hispanic White,30.1,3.39,3.0,3.0,0,2.1,3.2,2.8,3.7,1.4,5.1,310203.708993,164,1,1,0
118253,47.0,6,Non-Hispanic Asian,29.6,5.0,2.0,2.0,0,0.3,0.5,1.1,0.5,0.3,0.8,29458.60737,171,2,1,1
118258,29.0,3,Non-Hispanic White,34.4,3.05,1.0,1.0,0,1.2,1.0,0.9,1.5,0.7,2.2,210752.556586,151,1,1,1
118263,38.0,3,Non-Hispanic White,20.7,4.25,3.0,3.0,0,1.0,0.5,1.3,2.0,0.9,2.9,117855.483138,164,2,1,1
118318,48.0,3,Non-Hispanic White,31.8,0.03,3.0,3.0,0,,,,,,,5.397605346934028e-79,151,1,0,1
118340,34.0,4,Non-Hispanic Black,36.7,0.33,5.0,4.0,1,0.3,0.3,0.5,1.8,0.4,2.2,31585.572699,168,1,1,1
118344,45.0,3,Non-Hispanic White,31.8,1.15,2.0,2.0,0,8.3,0.4,0.5,5.4,2.9,8.3,52663.411628,161,2,1,1
118367,28.0,4,Non-Hispanic Black,39.2,,1.0,1.0,0,0.4,0.1,0.7,0.8,0.3,1.1,15830.266039,170,1,0,1
118381,55.0,4,Non-Hispanic Black,31.0,4.91,2.0,2.0,0,0.5,0.4,1.2,4.3,1.3,5.6,26720.627113,159,2,1,0
118396,57.0,1,Mexican American,26.4,,3.0,3.0,0,1.4,0.2,0.8,1.3,0.6,1.9,37426.035619,164,2,0,0
118409,37.0,3,Non-Hispanic White,39.4,5.0,1.0,1.0,0,1.0,0.07,0.9,3.2,0.9,4.1000000000000005,210939.552308,155,1,1,1
118482,38.0,3,Non-Hispanic White,38.1,1.19,4.0,4.0,0,0.4,0.2,0.7,1.5,0.8,2.3,117490.927839,165,1,1,1
118489,57.0,4,Non-Hispanic Black,55.1,2.49,2.0,2.0,0,2.3,0.9,2.8,2.8,1.2,4.0,39401.10892,170,1,1,0
118523,54.0,1,Mexican American,28.3,4.16,2.0,2.0,0,0.3,0.2,0.4,1.0,0.3,1.3,49345.503096,159,2,1,0
118586,37.0,1,Mexican American,43.2,0.7,3.0,3.0,0,0.2,0.07,0.2,0.8,0.2,1.0,103042.680633,162,2,1,1
118592,54.0,3,Non-Hispanic White,27.0,0.72,1.0,1.0,0,0.4,0.2,0.7,1.3,0.6,1.9,1308993.857941,157,2,1,0
118598,52.0,4,Non-Hispanic Black,67.7,2.2,2.0,2.0,0,1.2,0.7,2.8,2.9,1.9,4.8,23445.010066,167,2,1,0
118609,53.0,1,Mexican American,23.6,4.28,2.0,2.0,0,0.4,0.2,1.2,0.5,0.4,0.9,85528.019618,172,2,1,0
118651,51.0,1,Mexican American,28.9,0.96,3.0,2.0,1,0.7,0.2,1.0,2.0,0.8,2.8,56666.812949,154,2,1,0
118697,42.0,1,Mexican American,23.4,1.92,2.0,2.0,0,3.4,0.5,1.1,2.1,0.6,2.7,66582.516378,161,2,1,1
118701,45.0,7,Other / Multiracial,27.2,2.9,4.0,4.0,0,0.4,0.3,0.8,2.6,0.7,3.3,28921.504174,170,2,1,1
118711,34.0,6,Non-Hispanic Asian,25.3,5.0,1.0,1.0,0,0.4,0.4,0.6,2.5,0.7,3.2,71459.667736,165,2,1,1
118737,26.0,1,Mexican American,41.0,1.97,3.0,3.0,0,0.5,0.07,0.4,0.6,0.4,1.0,49362.661419,155,2,1,1
118756,29.0,3,Non-Hispanic White,25.3,2.85,2.0,2.0,0,0.7,0.07,0.6,2.4,0.9,3.3,164797.398446,155,1,1,1
118762,34.0,4,Non-Hispanic Black,37.8,0.25,2.0,2.0,0,0.07,0.1,0.1,0.3,0.07,0.37,22314.586454,171,1,1,1
118853,40.0,1,Mexican American,23.5,2.19,2.0,2.0,0,1.0,0.5,0.9,1.2,0.6,1.7999999999999998,42298.92409,168,2,1,1
118863,58.0,3,Non-Hispanic White,22.5,5.0,1.0,1.0,0,1.2,1.0,4.7,3.8,1.6,5.4,202989.472926,167,2,1,0
118870,53.0,7,Other / Multiracial,36.8,2.89,2.0,2.0,0,0.4,0.2,1.1,1.3,0.4,1.7000000000000002,23094.294067,166,2,1,0
118913,47.0,3,Non-Hispanic White,20.2,1.23,1.0,1.0,0,1.4,0.8,2.7,4.1,1.6,5.699999999999999,164666.478745,166,1,1,1
118939,42.0,1,Mexican American,26.4,4.63,2.0,2.0,0,0.5,0.4,1.3,1.1,0.4,1.5,114193.030455,164,1,1,1
118947,58.0,6,Non-Hispanic Asian,25.7,2.38,2.0,2.0,0,0.4,0.2,0.9,1.0,0.7,1.7,27645.757141,155,2,1,0
118977,45.0,2,Other Hispanic,42.6,1.42,2.0,2.0,0,,,,,,,5.397605346934028e-79,171,2,0,1
119059,49.0,3,Non-Hispanic White,44.7,1.83,3.0,3.0,0,1.5,0.3,1.6,0.7,0.4,1.1,44839.389577,149,1,1,1
119070,25.0,3,Non-Hispanic White,27.9,4.93,1.0,1.0,0,0.6,0.3,0.8,3.0,0.5,3.5,241414.771246,158,1,1,1
119085,43.0,3,Non-Hispanic White,22.8,3.98,2.0,2.0,0,0.4,0.6,0.8,3.1,0.6,3.7,503563.021228,152,1,1,1
119086,36.0,6,Non-Hispanic Asian,17.9,5.0,1.0,1.0,0,0.3,0.4,0.9,2.5,0.4,2.9,63035.912859,153,2,1,1
119097,40.0,6,Non-Hispanic Asian,31.8,0.79,4.0,4.0,0,0.3,0.3,0.5,2.0,0.7,2.7,31925.911371,162,1,1,1
119158,44.0,6,Non-Hispanic Asian,33.6,3.04,4.0,4.0,0,,,,,,,5.397605346934028e-79,155,2,0,1
119161,29.0,4,Non-Hispanic Black,31.0,1.2,2.0,2.0,0,0.2,0.2,0.4,0.8,0.3,1.1,32360.811226,150,1,1,1
119175,49.0,6,Non-Hispanic Asian,30.3,4.44,2.0,2.0,0,0.6,0.8,2.2,2.0,0.7,2.7,36190.266674,156,1,1,1
119192,44.0,4,Non-Hispanic Black,44.6,5.0,1.0,1.0,0,0.5,0.5,1.2,2.6,1.2,3.8,44522.036952,165,2,1,1
119193,52.0,4,Non-Hispanic Black,29.9,0.8,5.0,4.0,1,0.3,0.5,0.6,14.1,0.9,15.0,18168.357172,150,1,1,0
119201,25.0,1,Mexican American,38.1,0.71,2.0,2.0,0,1.3,0.3,1.0,1.3,0.4,1.7000000000000002,78958.490044,166,2,1,1
119210,48.0,6,Non-Hispanic Asian,20.9,5.0,1.0,1.0,0,3.6,1.0,1.7,13.3,5.2,18.5,20040.210313,168,2,1,1
119254,51.0,4,Non-Hispanic Black,40.1,,2.0,2.0,0,3.9,3.9,2.9,27.3,3.2,30.5,77195.824655,151,1,0,0
119312,52.0,2,Other Hispanic,51.3,1.89,1.0,1.0,0,0.1,0.2,0.3,0.6,0.2,0.8,81317.078776,162,2,1,0
119350,56.0,1,Mexican American,19.0,2.31,3.0,3.0,0,1.4,0.4,0.8,5.3,2.6,7.9,49613.872678,164,2,1,0
119353,52.0,6,Non-Hispanic Asian,24.6,4.0,2.0,2.0,0,0.9,0.7,1.3,5.3,1.0,6.3,19916.999219,159,2,1,0
119383,34.0,3,Non-Hispanic White,45.5,5.0,1.0,1.0,0,1.7,0.5,1.2,5.0,3.0,8.0,162974.062676,170,2,1,1
119386,37.0,4,Non-Hispanic Black,42.0,2.07,3.0,3.0,0,0.3,0.7,3.8,0.9,0.3,1.2,40020.158505,154,2,1,1
119405,55.0,2,Other Hispanic,29.2,5.0,3.0,3.0,0,0.9,0.4,1.0,5.0,1.3,6.3,189750.22014,157,2,1,0
119424,20.0,4,Non-Hispanic Black,16.4,,1.0,1.0,0,0.6,0.1,0.5,2.0,0.8,2.8,24432.505201,150,1,0,1
119485,21.0,3,Non-Hispanic White,38.1,2.08,1.0,1.0,0,0.5,0.2,1.1,1.5,0.6,2.1,81995.906511,167,2,1,1
119501,39.0,1,Mexican American,31.5,2.64,2.0,2.0,0,1.0,0.2,1.1,2.0,1.0,3.0,59431.656065,158,2,1,1
119572,56.0,4,Non-Hispanic Black,25.3,5.0,2.0,2.0,0,2.8,0.9,3.3,6.5,2.7,9.2,49215.646222,163,2,1,0
119579,29.0,4,Non-Hispanic Black,50.5,,1.0,1.0,0,0.3,0.1,0.4,0.4,0.2,0.6000000000000001,72550.731961,156,1,0,1
119600,49.0,3,Non-Hispanic White,22.1,1.75,4.0,4.0,0,0.4,0.4,0.9,1.1,0.4,1.5,166976.451767,166,1,1,1
119646,36.0,3,Non-Hispanic White,30.0,2.15,3.0,3.0,0,0.3,0.07,0.6,1.0,0.4,1.4,422955.606411,172,1,1,1
119670,52.0,4,Non-Hispanic Black,33.4,3.32,3.0,3.0,0,0.8,0.4,1.5,2.3,1.1,3.4,85044.136202,172,1,1,0
119672,24.0,4,Non-Hispanic Black,38.8,0.6,2.0,2.0,0,0.5,0.1,0.4,1.5,0.3,1.8,51593.083668,163,1,1,1
119696,45.0,1,Mexican American,35.0,,4.0,4.0,0,0.2,0.2,0.4,0.9,0.2,1.1,54925.159531,168,1,0,1
119780,42.0,3,Non-Hispanic White,48.9,1.71,2.0,2.0,0,0.2,0.07,0.6,0.5,0.2,0.7,56095.175777,163,2,1,1
119810,20.0,3,Non-Hispanic White,26.3,1.0,2.0,2.0,0,0.7,0.3,0.5,1.7,0.8,2.5,113034.737794,164,2,1,1
119830,33.0,4,Non-Hispanic Black,20.9,1.63,2.0,2.0,0,0.2,0.2,0.4,1.3,0.5,1.8,46570.681846,170,2,1,1
119848,56.0,2,Other Hispanic,29.5,4.08,2.0,2.0,0,0.6,0.5,1.0,1.7,1.0,2.7,87444.403599,153,2,1,0
119875,36.0,3,Non-Hispanic White,20.6,0.2,5.0,4.0,1,0.6,0.3,1.4,0.9,0.5,1.4,54624.274823,163,2,1,1
119878,30.0,4,Non-Hispanic Black,21.2,,3.0,3.0,0,0.4,0.4,0.4,6.2,0.8,7.0,31052.051224,154,2,0,1
119880,25.0,3,Non-Hispanic White,18.9,2.27,2.0,2.0,0,0.3,0.3,0.5,1.1,0.3,1.4000000000000001,58332.768391,168,1,1,1
119882,26.0,4,Non-Hispanic Black,50.5,0.38,1.0,1.0,0,0.4,0.3,0.6,2.2,0.6,2.8000000000000003,16143.487531,150,1,1,1
119885,58.0,4,Non-Hispanic Black,37.8,2.77,3.0,2.0,1,1.0,0.7,1.6,3.8,2.3,6.1,33811.729576,170,2,1,0
119892,24.0,4,Non-Hispanic Black,34.0,0.68,4.0,4.0,0,0.2,0.07,0.2,1.1,0.2,1.3,114570.661056,163,1,1,1
119898,28.0,4,Non-Hispanic Black,18.0,0.21,4.0,4.0,0,1.4,0.4,1.0,3.1,0.7,3.8,19802.808423,151,2,1,1
119901,30.0,3,Non-Hispanic White,20.9,0.76,2.0,2.0,0,0.9,0.4,1.3,4.1,1.2,5.3,57241.293866,151,2,1,1
119907,22.0,2,Other Hispanic,24.1,0.64,2.0,2.0,0,0.3,0.4,0.6,1.4,0.5,1.9,61116.121039,160,2,1,1
119928,58.0,6,Non-Hispanic Asian,21.2,5.0,2.0,2.0,0,,,,,,,5.397605346934028e-79,169,1,0,0
119981,33.0,1,Mexican American,20.7,1.89,1.0,1.0,0,0.2,0.1,0.5,1.1,0.2,1.3,61891.345073,158,1,1,1
120000,29.0,7,Other / Multiracial,42.7,1.8,1.0,1.0,0,0.2,0.3,0.3,0.7,0.2,0.8999999999999999,38003.751733,164,2,1,1
120021,56.0,4,Non-Hispanic Black,37.6,1.79,2.0,2.0,0,1.2,0.7,1.2,3.7,1.1,4.800000000000001,47860.960618,165,2,1,0
120025,36.0,1,Mexican American,29.5,4.47,2.0,2.0,0,1.0,0.4,0.8,0.9,0.4,1.3,112571.675114,159,1,1,1
120149,42.0,3,Non-Hispanic White,31.6,5.0,1.0,1.0,0,0.6,0.1,1.0,2.5,1.2,3.7,776766.247389,162,2,1,1
120163,46.0,6,Non-Hispanic Asian,23.1,0.64,2.0,2.0,0,6.5,2.2,5.1,28.0,3.6,31.6,32607.151332,169,2,1,1
120194,33.0,4,Non-Hispanic Black,27.9,,2.0,2.0,0,0.7,0.4,0.8,1.0,0.3,1.3,42641.76854,152,1,0,1
120196,54.0,3,Non-Hispanic White,28.0,1.48,2.0,2.0,0,0.8,0.6,1.9,2.4,1.0,3.4,152795.816482,166,1,1,0
120211,52.0,6,Non-Hispanic Asian,28.7,1.97,3.0,3.0,0,0.07,0.4,0.2,2.3,0.4,2.6999999999999997,32815.784188,161,1,1,0
120290,34.0,1,Mexican American,40.1,1.94,2.0,2.0,0,0.6,0.3,1.0,1.6,0.7,2.3,15183.47874,154,2,1,1
120313,37.0,4,Non-Hispanic Black,28.0,0.86,3.0,3.0,0,1.1,0.3,1.1,1.7,0.6,2.3,21821.29296,156,1,1,1
120346,58.0,4,Non-Hispanic Black,44.3,0.76,2.0,2.0,0,1.0,0.5,0.7,1.6,0.5,2.1,49034.734359,152,1,1,0
120355,23.0,4,Non-Hispanic Black,18.4,5.397605346934028e-79,3.0,3.0,0,0.4,1.0,0.6,1.4,0.5,1.9,31038.298361,171,1,1,1
120372,39.0,2,Other Hispanic,18.6,,2.0,2.0,0,,,,,,,5.397605346934028e-79,168,1,0,1
120411,50.0,4,Non-Hispanic Black,54.5,4.62,3.0,3.0,0,0.5,0.5,0.6,4.8,0.8,5.6,34139.705462,158,1,1,0
120426,52.0,4,Non-Hispanic Black,64.7,,1.0,1.0,0,0.3,0.1,0.4,1.0,0.4,1.4,31076.418379,170,2,0,0
120440,55.0,1,Mexican American,29.4,1.36,4.0,4.0,0,2.4,0.5,2.1,3.4,1.1,4.5,45463.283586,161,2,1,0
120490,40.0,3,Non-Hispanic White,26.9,5.397605346934028e-79,1.0,1.0,0,0.8,0.4,0.7,1.2,0.6,1.7999999999999998,72109.354347,159,2,1,1
120531,58.0,2,Other Hispanic,33.2,,3.0,3.0,0,1.0,0.8,1.9,12.2,2.2,14.399999999999999,49023.727469,153,2,0,0
120560,25.0,4,Non-Hispanic Black,18.9,5.397605346934028e-79,2.0,2.0,0,,,,,,,5.397605346934028e-79,166,1,0,1
120571,55.0,6,Non-Hispanic Asian,22.5,5.0,1.0,1.0,0,1.2,2.4,2.3,12.9,2.5,15.4,39523.111216,154,1,1,0
120573,56.0,4,Non-Hispanic Black,35.4,,4.0,4.0,0,0.1,0.2,0.3,1.5,0.2,1.7,37240.322429,158,1,0,0
120676,45.0,3,Non-Hispanic White,25.8,4.66,2.0,2.0,0,0.3,0.4,1.7,0.7,0.3,1.0,158944.053149,159,2,1,1
120717,36.0,4,Non-Hispanic Black,38.1,0.49,2.0,2.0,0,0.3,0.5,0.6,3.8,0.6,4.3999999999999995,29568.028895,170,2,1,1
120731,36.0,2,Other Hispanic,27.1,0.52,3.0,3.0,0,0.7,0.1,0.8,0.9,0.5,1.4,27131.79879,158,1,1,1
120769,47.0,6,Non-Hispanic Asian,32.4,5.0,2.0,2.0,0,0.8,0.4,1.5,2.7,0.8,3.5,51545.817502,154,1,1,1
120790,56.0,4,Non-Hispanic Black,57.2,1.44,1.0,1.0,0,1.1,0.4,2.7,1.4,0.5,1.9,25612.173382,170,1,1,0
120825,56.0,4,Non-Hispanic Black,43.6,3.87,3.0,3.0,0,0.2,0.5,0.8,1.7,0.4,2.1,40200.107511,168,1,1,0
120842,30.0,3,Non-Hispanic White,26.3,3.88,1.0,1.0,0,0.07,0.07,0.1,0.3,0.07,0.37,83879.779897,156,2,1,1
120908,22.0,1,Mexican American,25.9,0.41,1.0,1.0,0,0.5,0.07,0.6,0.8,0.3,1.1,130550.980117,172,1,1,1
120934,59.0,7,Other / Multiracial,20.6,1.44,4.0,4.0,0,,,,,,,5.397605346934028e-79,155,2,0,0
120978,53.0,1,Mexican American,27.4,4.45,3.0,3.0,0,1.0,0.3,1.0,1.5,0.8,2.3,43419.130048,152,2,1,0
120984,39.0,3,Non-Hispanic White,33.2,4.06,2.0,2.0,0,0.3,0.07,0.4,0.8,0.5,1.3,340829.062367,163,1,1,1
121022,39.0,3,Non-Hispanic White,26.1,,1.0,1.0,0,1.0,0.4,1.7,3.8,1.7,5.5,205618.550768,162,2,0,1
121048,47.0,4,Non-Hispanic Black,27.9,,2.0,2.0,0,,,,,,,5.397605346934028e-79,172,1,0,1
121063,42.0,2,Other Hispanic,33.3,1.01,3.0,3.0,0,0.07,0.3,0.5,0.8,0.2,1.0,42542.999335,149,1,1,1
121082,48.0,3,Non-Hispanic White,23.1,1.36,1.0,1.0,0,0.5,1.5,0.5,1.3,0.4,1.7000000000000002,79280.114657,151,1,1,1
121114,29.0,1,Mexican American,35.4,0.99,2.0,2.0,0,0.8,1.6,0.8,1.6,0.5,2.1,31279.720688,168,2,1,1
121215,32.0,1,Mexican American,24.0,1.14,4.0,4.0,0,0.2,0.07,0.3,0.5,0.2,0.7,47699.441474,154,1,1,1
121253,55.0,2,Other Hispanic,25.0,1.46,2.0,2.0,0,0.6,0.4,1.8,1.6,0.8,2.4000000000000004,134131.086702,172,2,1,0
121259,35.0,4,Non-Hispanic Black,28.0,3.34,4.0,4.0,0,0.7,0.3,0.8,3.1,0.5,3.6,96216.624131,157,2,1,1
121319,47.0,3,Non-Hispanic White,30.5,,2.0,2.0,0,1.7,0.4,1.4,5.1,1.9,7.0,206009.49612,167,2,0,1
121361,40.0,3,Non-Hispanic White,18.4,5.397605346934028e-79,2.0,2.0,0,1.0,0.3,0.8,1.5,0.6,2.1,76596.760594,155,1,1,1
121382,38.0,4,Non-Hispanic Black,35.0,,2.0,2.0,0,0.2,0.07,0.3,1.9,0.3,2.1999999999999997,48624.328533,172,1,0,1
121395,54.0,1,Mexican American,40.8,0.41,2.0,2.0,0,0.9,0.2,0.8,1.4,0.8,2.2,74395.786226,161,1,1,0
121401,35.0,1,Mexican American,31.8,1.79,4.0,4.0,0,0.2,0.07,0.5,0.7,0.3,1.0,103404.478461,161,2,1,1
121414,53.0,4,Non-Hispanic Black,29.5,2.34,3.0,3.0,0,1.0,0.6,0.6,3.2,1.1,4.300000000000001,13527.328356,156,2,1,0
121460,58.0,2,Other Hispanic,33.1,1.1,5.0,4.0,1,0.3,0.5,0.7,2.5,0.5,3.0,27661.034427,149,1,1,0
121488,26.0,4,Non-Hispanic Black,32.0,1.22,1.0,1.0,0,0.2,0.2,0.1,1.1,0.4,1.5,38910.571603,161,1,1,1
121500,30.0,3,Non-Hispanic White,26.2,1.18,4.0,4.0,0,0.7,0.3,0.9,1.3,0.6,1.9,87351.592702,155,1,1,1
121515,36.0,3,Non-Hispanic White,21.3,5.0,2.0,2.0,0,0.5,0.1,0.5,1.9,0.6,2.5,497325.010296,162,2,1,1
121559,52.0,6,Non-Hispanic Asian,25.0,5.0,2.0,2.0,0,0.5,0.7,1.8,3.1,0.5,3.6,40137.3549,156,3,1,0
121579,48.0,3,Non-Hispanic White,26.3,5.0,4.0,4.0,0,0.2,0.3,0.6,0.8,0.4,1.2000000000000002,364217.122879,149,2,1,1
121591,32.0,6,Non-Hispanic Asian,28.6,2.44,2.0,2.0,0,,,,,,,5.397605346934028e-79,157,2,0,1
121595,53.0,3,Non-Hispanic White,17.3,0.86,2.0,2.0,0,,,,,,,5.397605346934028e-79,157,2,0,0
121634,42.0,3,Non-Hispanic White,29.3,0.42,4.0,4.0,0,1.0,0.4,0.8,3.8,1.5,5.3,125103.13058,157,1,1,1
121671,34.0,4,Non-Hispanic Black,49.2,0.59,1.0,1.0,0,0.5,0.2,0.7,1.3,0.6,1.9,29944.040426,150,1,1,1
121674,34.0,7,Other / Multiracial,20.2,0.48,3.0,3.0,0,0.6,0.4,2.9,1.3,0.5,1.8,40069.426726,161,2,1,1
121711,38.0,3,Non-Hispanic White,23.0,2.72,1.0,1.0,0,0.4,0.1,0.9,1.0,0.7,1.7,112875.998951,159,2,1,1
121714,27.0,4,Non-Hispanic Black,33.8,0.18,3.0,3.0,0,0.3,0.4,1.0,1.5,0.4,1.9,32003.722299,170,2,1,1
121758,30.0,3,Non-Hispanic White,32.5,1.93,1.0,1.0,0,0.3,0.4,0.6,3.5,0.4,3.9,224702.325527,158,1,1,1
121821,58.0,1,Mexican American,45.7,,4.0,4.0,0,0.3,0.07,0.4,0.4,0.2,0.6000000000000001,39627.567124,161,2,0,0
121833,55.0,4,Non-Hispanic Black,31.7,3.2,3.0,3.0,0,2.4,1.6,2.0,19.2,2.3,21.5,68904.209388,152,1,1,0
121841,30.0,3,Non-Hispanic White,43.9,2.06,3.0,3.0,0,0.5,0.07,0.5,1.6,0.9,2.5,75369.660623,158,2,1,1
121885,27.0,1,Mexican American,24.4,1.54,3.0,2.0,1,0.3,0.3,0.5,1.2,0.6,1.7999999999999998,152747.51467,153,1,1,1
121924,29.0,4,Non-Hispanic Black,32.3,1.16,1.0,1.0,0,0.3,0.3,0.7,1.0,0.3,1.3,15456.664948,151,2,1,1
122004,40.0,3,Non-Hispanic White,29.7,1.55,3.0,3.0,0,0.5,0.5,1.2,1.3,0.6,1.9,172747.924949,171,1,1,1
122041,33.0,2,Other Hispanic,31.9,2.6,4.0,4.0,0,0.3,0.2,0.2,1.4,0.3,1.7,21237.48228,156,2,1,1
122053,47.0,3,Non-Hispanic White,24.1,4.27,2.0,2.0,0,2.5,1.6,5.0,20.3,4.0,24.3,104562.771126,150,1,1,1
122116,32.0,4,Non-Hispanic Black,25.2,0.6,3.0,3.0,0,1.8,0.1,0.8,1.3,0.4,1.7000000000000002,22339.363335,170,1,1,1
122152,42.0,3,Non-Hispanic White,25.5,3.23,4.0,4.0,0,1.5,0.3,1.4,1.7,0.8,2.5,122402.798087,165,1,1,1
122218,54.0,1,Mexican American,31.1,0.72,4.0,3.0,1,,,,,,,5.397605346934028e-79,155,2,0,0
122319,31.0,4,Non-Hispanic Black,32.8,1.43,2.0,2.0,0,0.6,0.7,0.8,1.5,0.6,2.1,30688.901352,167,1,1,1
122323,48.0,4,Non-Hispanic Black,35.2,5.0,3.0,3.0,0,0.5,0.4,0.9,1.9,0.8,2.7,88874.859932,156,3,1,1
122334,29.0,1,Mexican American,27.7,1.2,2.0,2.0,0,0.3,0.07,0.3,0.8,0.3,1.1,47616.56693,161,2,1,1
122340,36.0,2,Other Hispanic,24.3,2.67,4.0,4.0,0,0.6,0.4,0.3,4.4,1.3,5.7,53018.213063,161,2,1,1
122357,32.0,2,Other Hispanic,23.1,,2.0,2.0,0,,,,,,,5.397605346934028e-79,159,1,0,1
122367,59.0,4,Non-Hispanic Black,38.2,2.67,2.0,2.0,0,2.3,4.4,6.9,35.1,5.8,40.9,19089.004928,150,1,1,0
122373,39.0,4,Non-Hispanic Black,22.3,,4.0,4.0,0,2.0,0.07,0.7,2.3,0.7,3.0,112164.994628,172,1,0,1
122401,43.0,7,Other / Multiracial,30.2,2.16,1.0,1.0,0,0.7,0.6,0.8,3.0,1.2,4.2,48376.196975,166,1,1,1
122414,56.0,2,Other Hispanic,28.5,5.0,4.0,3.0,1,0.6,0.2,0.8,0.7,0.3,1.0,29137.969332,156,2,1,0
122474,49.0,4,Non-Hispanic Black,27.1,,2.0,2.0,0,1.3,1.3,1.1,2.1,0.8,2.9000000000000004,23249.599588,150,2,0,1
122478,42.0,6,Non-Hispanic Asian,26.5,5.0,2.0,2.0,0,0.3,0.3,0.8,0.4,0.07,0.47000000000000003,21469.364601,171,2,1,1
122493,52.0,4,Non-Hispanic Black,34.1,,2.0,2.0,0,0.2,0.1,0.2,0.3,0.07,0.37,41399.45212,166,2,0,0
122609,44.0,6,Non-Hispanic Asian,20.7,5.0,1.0,1.0,0,0.2,0.4,1.3,1.8,0.3,2.1,29765.316652,149,1,1,1
122631,45.0,3,Non-Hispanic White,26.0,5.0,3.0,3.0,0,0.5,0.4,0.9,1.5,0.7,2.2,305337.751795,156,3,1,1
122651,56.0,1,Mexican American,32.3,1.45,2.0,1.0,1,1.3,1.1,1.5,9.7,2.7,12.399999999999999,51746.509196,162,1,1,0
122653,35.0,3,Non-Hispanic White,27.0,5.0,1.0,1.0,0,0.4,0.2,0.6,1.7,0.8,2.5,229188.539153,165,2,1,1
122692,44.0,6,Non-Hispanic Asian,20.2,5.0,1.0,1.0,0,0.9,1.2,2.6,3.4,0.5,3.9,32320.148171,171,1,1,1
122717,57.0,7,Other / Multiracial,22.1,2.03,1.0,1.0,0,1.2,0.6,1.5,2.3,1.3,3.5999999999999996,188066.19235,163,2,1,0
122740,24.0,3,Non-Hispanic White,28.8,2.55,3.0,3.0,0,0.3,0.1,0.3,0.9,0.4,1.3,37640.668969,157,1,1,1
122777,31.0,2,Other Hispanic,40.5,2.39,1.0,1.0,0,0.4,0.07,0.6,0.6,0.2,0.8,66848.381466,166,2,1,1
122786,47.0,3,Non-Hispanic White,28.4,3.33,1.0,1.0,0,0.9,0.9,2.9,3.6,1.6,5.2,322533.148185,164,1,1,1
122826,21.0,1,Mexican American,36.8,2.72,1.0,1.0,0,0.4,0.07,0.5,0.6,0.4,1.0,130202.139534,161,2,1,1
122851,31.0,4,Non-Hispanic Black,53.2,0.7,2.0,2.0,0,0.5,0.4,0.7,2.2,0.5,2.7,29944.040426,150,1,1,1
122874,35.0,3,Non-Hispanic White,21.6,2.39,3.0,3.0,0,0.1,0.1,0.3,0.3,0.2,0.5,169314.379505,159,2,1,1
122906,26.0,3,Non-Hispanic White,33.4,1.5,3.0,3.0,0,0.2,0.07,0.3,0.8,0.2,1.0,154705.130704,158,1,1,1
122928,50.0,1,Mexican American,28.6,,3.0,3.0,0,0.8,0.3,1.4,1.9,0.8,2.7,56666.812949,154,2,0,0
122929,26.0,3,Non-Hispanic White,28.6,5.0,1.0,1.0,0,0.5,0.2,0.6,1.0,0.5,1.5,224960.791415,172,2,1,1
122955,31.0,4,Non-Hispanic Black,37.8,2.32,3.0,3.0,0,0.3,0.6,0.5,1.3,0.4,1.7000000000000002,25858.35336,152,2,1,1
122987,46.0,6,Non-Hispanic Asian,23.6,5.0,2.0,2.0,0,0.6,0.8,1.0,5.6,1.2,6.8,22268.095376,172,1,1,1
122988,54.0,6,Non-Hispanic Asian,30.8,,2.0,2.0,0,1.2,1.1,3.1,5.0,0.6,5.6,24995.751996,152,2,0,0
123042,50.0,4,Non-Hispanic Black,33.5,0.97,3.0,3.0,0,0.1,0.3,0.4,0.5,0.2,0.7,25637.065888,171,1,1,0
123214,39.0,6,Non-Hispanic Asian,21.1,4.78,2.0,2.0,0,0.4,0.4,0.9,1.7,0.3,2.0,51060.23972,161,2,1,1
123224,40.0,6,Non-Hispanic Asian,24.8,,2.0,2.0,0,0.2,0.2,0.6,1.0,0.2,1.2,32574.797732,154,2,0,1
123233,54.0,6,Non-Hispanic Asian,31.6,5.0,3.0,3.0,0,,,,,,,5.397605346934028e-79,155,2,0,0
123249,51.0,3,Non-Hispanic White,33.4,1.49,1.0,1.0,0,0.8,0.3,1.6,2.6,1.4,4.0,82547.251964,167,2,1,0
123257,38.0,3,Non-Hispanic White,30.1,3.14,2.0,2.0,0,0.8,0.9,0.8,3.1,1.2,4.3,98458.364422,168,2,1,1
123310,52.0,4,Non-Hispanic Black,50.4,1.09,3.0,2.0,1,0.5,0.5,1.0,1.9,0.6,2.5,65131.016867,163,1,1,0
123316,38.0,3,Non-Hispanic White,53.7,1.27,1.0,1.0,0,0.4,0.3,0.9,1.3,0.6,1.9,141444.079271,161,1,1,1
123318,53.0,2,Other Hispanic,27.3,0.99,3.0,3.0,0,3.0,0.4,1.9,2.7,1.9,4.6,72501.147818,171,1,1,0
123329,46.0,4,Non-Hispanic Black,34.2,2.45,1.0,1.0,0,0.6,0.7,0.5,12.7,1.3,14.0,72961.524908,172,1,1,1
123336,52.0,6,Non-Hispanic Asian,21.5,1.52,4.0,4.0,0,0.9,0.7,0.9,5.3,0.8,6.1,22506.979576,155,2,1,0
123349,38.0,4,Non-Hispanic Black,24.2,1.54,2.0,2.0,0,0.4,0.3,0.6,1.0,0.2,1.2,73762.018898,152,1,1,1
123369,48.0,6,Non-Hispanic Asian,23.6,,1.0,1.0,0,0.9,0.6,1.5,6.4,1.8,8.200000000000001,28816.122155,162,1,0,1
123411,39.0,4,Non-Hispanic Black,45.4,3.5,2.0,2.0,0,0.3,0.5,0.5,1.9,0.6,2.5,15671.030404,150,1,1,1
123463,27.0,4,Non-Hispanic Black,24.2,2.6,2.0,2.0,0,0.7,1.3,0.9,8.4,1.3,9.700000000000001,72426.208505,160,2,1,1
123514,41.0,1,Mexican American,22.1,,3.0,3.0,0,0.3,0.1,0.5,0.5,0.3,0.8,82811.311295,156,1,0,1
123610,39.0,4,Non-Hispanic Black,24.1,2.43,3.0,3.0,0,0.5,0.1,0.7,1.1,0.3,1.4000000000000001,49006.721304,166,2,1,1
123688,24.0,3,Non-Hispanic White,26.4,5.0,1.0,1.0,0,0.5,1.2,2.7,1.4,0.9,2.3,246487.539274,161,2,1,1
123706,36.0,3,Non-Hispanic White,19.3,3.98,2.0,2.0,0,0.4,0.6,1.3,1.6,0.4,2.0,128842.393582,168,2,1,1
123713,50.0,6,Non-Hispanic Asian,29.5,3.66,2.0,2.0,0,0.3,0.2,0.9,0.9,0.4,1.3,53017.089382,161,1,1,0
123740,54.0,1,Mexican American,27.1,3.55,3.0,3.0,0,,,,,,,5.397605346934028e-79,168,2,0,0
123834,57.0,3,Non-Hispanic White,22.1,1.84,2.0,2.0,0,,,,,,,5.397605346934028e-79,149,2,0,0
123840,46.0,3,Non-Hispanic White,25.0,4.81,1.0,1.0,0,1.0,0.4,1.2,2.3,1.3,3.5999999999999996,370838.955726,161,2,1,1
123873,47.0,6,Non-Hispanic Asian,19.6,5.0,1.0,1.0,0,1.1,1.7,1.7,13.0,3.8,16.8,28610.192486,154,2,1,1
123874,58.0,4,Non-Hispanic Black,49.9,1.06,1.0,1.0,0,,,,,,,5.397605346934028e-79,156,2,0,0
123918,54.0,2,Other Hispanic,32.3,5.0,2.0,2.0,0,0.9,0.4,1.4,2.1,0.8,2.9000000000000004,39989.793477,155,2,1,0
123937,50.0,1,Mexican American,24.6,3.84,1.0,1.0,0,0.7,0.5,0.8,1.0,0.4,1.4,97773.942539,159,2,1,0
123950,54.0,4,Non-Hispanic Black,43.4,0.28,2.0,2.0,0,0.4,0.3,0.5,1.7,0.4,2.1,71191.471354,157,2,1,0
123956,32.0,3,Non-Hispanic White,21.8,1.28,2.0,2.0,0,,,,,,,5.397605346934028e-79,150,1,0,1
123978,59.0,1,Mexican American,35.0,2.38,3.0,3.0,0,,,,,,,5.397605346934028e-79,154,2,0,0
124012,36.0,1,Mexican American,30.2,0.8,4.0,4.0,0,0.3,0.1,0.2,1.0,0.3,1.3,33653.081061,155,2,1,1
124014,53.0,7,Other / Multiracial,22.6,1.79,2.0,2.0,0,3.6,0.07,0.7,0.8,0.3,1.1,94169.149522,155,1,1,0
124025,59.0,4,Non-Hispanic Black,34.0,4.02,1.0,1.0,0,0.9,1.3,4.0,3.3,1.7,5.0,45897.458497,168,1,1,0
124026,24.0,1,Mexican American,26.8,,1.0,1.0,0,0.4,0.07,0.6,2.2,0.3,2.5,203524.231868,172,1,0,1
124041,37.0,6,Non-Hispanic Asian,24.6,,2.0,2.0,0,0.6,0.5,0.9,0.6,0.3,0.8999999999999999,88484.429331,159,1,0,1
124048,48.0,4,Non-Hispanic Black,31.2,0.21,3.0,3.0,0,1.5,0.6,1.0,3.5,1.0,4.5,17246.086346,151,2,1,1
124051,23.0,3,Non-Hispanic White,42.4,3.37,1.0,1.0,0,0.8,0.7,1.5,1.9,0.8,2.7,241750.93359,157,1,1,1
124061,55.0,1,Mexican American,28.1,2.0,3.0,3.0,0,0.8,0.2,0.8,2.6,0.9,3.5,41694.470224,169,2,1,0
124062,59.0,3,Non-Hispanic White,30.7,5.0,2.0,2.0,0,0.07,0.5,0.1,0.1,0.07,0.17,286120.526664,151,1,1,0
124068,39.0,6,Non-Hispanic Asian,23.9,,2.0,2.0,0,0.3,0.3,1.2,2.3,0.3,2.5999999999999996,75644.981421,164,1,0,1
124089,30.0,4,Non-Hispanic Black,19.1,1.67,3.0,3.0,0,0.07,0.1,0.07,0.7,0.1,0.7999999999999999,23586.437806,149,1,1,1
124092,38.0,3,Non-Hispanic White,32.5,,1.0,1.0,0,2.0,0.7,2.7,1.9,0.7,2.5999999999999996,20630.687453,166,2,0,1
124094,40.0,6,Non-Hispanic Asian,25.0,0.58,2.0,2.0,0,0.6,0.4,1.4,0.9,0.4,1.3,65398.74976,169,1,1,1
124101,58.0,3,Non-Hispanic White,34.5,5.0,4.0,4.0,0,0.5,0.5,0.8,2.0,0.5,2.5,768763.295186,157,1,1,0
124163,50.0,6,Non-Hispanic Asian,22.8,1.92,3.0,3.0,0,0.8,0.6,1.7,2.3,1.1,3.4,31642.578225,154,2,1,0
124241,57.0,4,Non-Hispanic Black,35.5,0.74,2.0,2.0,0,,,,,,,5.397605346934028e-79,150,1,0,0
124257,59.0,4,Non-Hispanic Black,47.6,1.2,1.0,1.0,0,0.3,0.4,0.5,0.9,0.3,1.2,46812.871884,168,1,1,0
124272,43.0,2,Other Hispanic,35.8,0.52,2.0,2.0,0,0.4,0.7,1.7,1.5,0.6,2.1,38425.93488,149,1,1,1
124279,49.0,6,Non-Hispanic Asian,27.6,5.0,1.0,1.0,0,0.6,0.4,3.2,0.8,0.4,1.2000000000000002,31715.714391,171,2,1,1
124377,49.0,6,Non-Hispanic Asian,37.3,1.94,3.0,3.0,0,0.3,0.2,0.4,0.5,0.2,0.7,41945.546901,153,2,1,1
124406,36.0,4,Non-Hispanic Black,25.2,,3.0,3.0,0,0.2,0.1,0.3,0.4,0.2,0.6000000000000001,80652.990115,172,2,0,1
124453,57.0,1,Mexican American,25.3,5.0,2.0,2.0,0,2.7,0.3,1.7,2.1,1.7,3.8,34538.1309,152,2,1,0
124502,47.0,1,Mexican American,51.7,1.44,4.0,4.0,0,0.5,0.1,0.5,0.6,0.3,0.8999999999999999,39720.742671,152,2,1,1
124526,56.0,4,Non-Hispanic Black,26.8,5.0,2.0,2.0,0,0.3,0.1,0.4,1.7,0.4,2.1,76804.686763,164,1,1,0
124587,30.0,3,Non-Hispanic White,23.1,1.75,1.0,1.0,0,0.5,0.7,2.0,1.9,0.8,2.7,147848.069455,166,1,1,1
124589,52.0,2,Other Hispanic,28.4,,2.0,2.0,0,0.7,1.1,3.1,3.8,1.8,5.6,67394.344569,167,1,0,0
124590,46.0,3,Non-Hispanic White,29.4,5.0,4.0,4.0,0,0.3,0.3,0.5,1.5,0.5,2.0,141899.4049,164,2,1,1
124603,22.0,4,Non-Hispanic Black,31.2,1.64,1.0,1.0,0,,,,,,,5.397605346934028e-79,150,1,0,1
124604,59.0,3,Non-Hispanic White,25.6,5.0,2.0,2.0,0,3.5,1.2,3.6,4.5,1.6,6.1,539485.502937,160,2,1,0
124614,53.0,4,Non-Hispanic Black,33.0,3.98,2.0,2.0,0,,,,,,,5.397605346934028e-79,171,1,0,0
124684,51.0,3,Non-Hispanic White,28.0,2.79,4.0,4.0,0,0.3,0.2,0.4,0.8,0.5,1.3,150370.462518,155,2,1,0
124702,31.0,4,Non-Hispanic Black,30.2,0.93,2.0,2.0,0,0.4,0.5,0.7,6.7,0.7,7.4,46823.427477,172,1,1,1
124712,31.0,6,Non-Hispanic Asian,20.6,4.17,2.0,2.0,0,0.3,0.2,0.3,2.0,0.4,2.4,81363.077151,161,1,1,1
124715,23.0,3,Non-Hispanic White,33.1,1.2,2.0,2.0,0,0.2,0.2,1.0,0.8,0.2,1.0,138343.333054,166,2,1,1
124778,54.0,6,Non-Hispanic Asian,27.8,5.0,2.0,2.0,0,0.9,0.8,2.1,1.9,1.3,3.2,40520.846253,154,1,1,0
124803,46.0,1,Mexican American,,1.37,2.0,2.0,0,1.3,0.1,0.7,1.7,0.7,2.4,81950.413279,155,1,0,1
